id,language,n_words,n_tokens,fertility,tokens_per_char,frag_rate,R@1,R@3,R@5,MRR
IB_0002_en,english,13,22,1.6923076923076923,0.2972972972972973,0.38461538461538464,1.0,1.0,1.0,1.0
IB_0002_hi,hindi,16,22,1.375,0.36666666666666664,0.1875,1.0,1.0,1.0,1.0
IB_0002_hing,hinglish,13,19,1.4615384615384615,0.2714285714285714,0.3076923076923077,1.0,1.0,1.0,1.0
IB_0002_ta,tamil,12,22,1.8333333333333333,0.26506024096385544,0.25,0.0,1.0,1.0,0.5
IB_0007_en,english,12,19,1.5833333333333333,0.2753623188405797,0.3333333333333333,1.0,1.0,1.0,1.0
IB_0007_hi,hindi,15,21,1.4,0.38181818181818183,0.2,1.0,1.0,1.0,1.0
IB_0007_hing,hinglish,10,14,1.4,0.2692307692307692,0.3,1.0,1.0,1.0,1.0
IB_0007_ta,tamil,10,18,1.8,0.24,0.2,0.0,1.0,1.0,0.5
IB_0009_en,english,11,18,1.6363636363636365,0.27692307692307694,0.45454545454545453,1.0,1.0,1.0,1.0
IB_0009_hi,hindi,14,20,1.4285714285714286,0.35714285714285715,0.2857142857142857,0.0,1.0,1.0,0.5
IB_0009_hing,hinglish,13,18,1.3846153846153846,0.2903225806451613,0.3076923076923077,1.0,1.0,1.0,1.0
IB_0009_ta,tamil,12,21,1.75,0.25609756097560976,0.25,0.0,1.0,1.0,0.5
IB_0012_en,english,14,20,1.4285714285714286,0.2597402597402597,0.21428571428571427,1.0,1.0,1.0,1.0
IB_0012_hi,hindi,16,23,1.4375,0.3026315789473684,0.1875,1.0,1.0,1.0,1.0
IB_0012_hing,hinglish,15,23,1.5333333333333334,0.2804878048780488,0.2,1.0,1.0,1.0,1.0
IB_0012_ta,tamil,14,28,2.0,0.2828282828282828,0.2857142857142857,1.0,1.0,1.0,1.0
IB_0016_en,english,12,21,1.75,0.29577464788732394,0.3333333333333333,1.0,1.0,1.0,1.0
IB_0016_hi,hindi,15,21,1.4,0.3230769230769231,0.13333333333333333,1.0,1.0,1.0,1.0
IB_0016_hing,hinglish,14,21,1.5,0.26582278481012656,0.21428571428571427,1.0,1.0,1.0,1.0
IB_0016_ta,tamil,14,26,1.8571428571428572,0.22413793103448276,0.42857142857142855,0.0,1.0,1.0,0.3333333333333333
IB_0025_en,english,20,28,1.4,0.2692307692307692,0.15,1.0,1.0,1.0,1.0
IB_0025_hi,hindi,13,18,1.3846153846153846,0.2857142857142857,0.07692307692307693,1.0,1.0,1.0,1.0
IB_0025_hing,hinglish,10,16,1.6,0.32653061224489793,0.4,1.0,1.0,1.0,1.0
IB_0025_ta,tamil,13,25,1.9230769230769231,0.25252525252525254,0.38461538461538464,1.0,1.0,1.0,1.0
IB_0026_en,english,22,30,1.3636363636363635,0.25210084033613445,0.13636363636363635,1.0,1.0,1.0,1.0
IB_0026_hi,hindi,16,21,1.3125,0.2727272727272727,0.0625,1.0,1.0,1.0,1.0
IB_0026_hing,hinglish,14,21,1.5,0.28,0.2857142857142857,1.0,1.0,1.0,1.0
IB_0026_ta,tamil,14,30,2.142857142857143,0.27522935779816515,0.5,1.0,1.0,1.0,1.0
IB_0029_en,english,14,25,1.7857142857142858,0.2777777777777778,0.2857142857142857,1.0,1.0,1.0,1.0
IB_0029_hi,hindi,21,30,1.4285714285714286,0.3,0.09523809523809523,1.0,1.0,1.0,1.0
IB_0029_hing,hinglish,17,29,1.7058823529411764,0.29591836734693877,0.35294117647058826,1.0,1.0,1.0,1.0
IB_0029_ta,tamil,17,33,1.9411764705882353,0.24444444444444444,0.29411764705882354,1.0,1.0,1.0,1.0
IB_0034_en,english,13,20,1.5384615384615385,0.2597402597402597,0.15384615384615385,1.0,1.0,1.0,1.0
IB_0034_hi,hindi,11,18,1.6363636363636365,0.32727272727272727,0.18181818181818182,1.0,1.0,1.0,1.0
IB_0034_hing,hinglish,9,20,2.2222222222222223,0.3333333333333333,0.5555555555555556,1.0,1.0,1.0,1.0
IB_0034_ta,tamil,8,21,2.625,0.3181818181818182,0.375,1.0,1.0,1.0,1.0
IB_0035_en,english,11,17,1.5454545454545454,0.3090909090909091,0.2727272727272727,1.0,1.0,1.0,1.0
IB_0035_hi,hindi,10,19,1.9,0.34545454545454546,0.2,1.0,1.0,1.0,1.0
IB_0035_hing,hinglish,11,17,1.5454545454545454,0.30357142857142855,0.45454545454545453,1.0,1.0,1.0,1.0
IB_0035_ta,tamil,12,23,1.9166666666666667,0.23711340206185566,0.6666666666666666,1.0,1.0,1.0,1.0
IB_0052_en,english,11,16,1.4545454545454546,0.25806451612903225,0.18181818181818182,1.0,1.0,1.0,1.0
IB_0052_hi,hindi,9,14,1.5555555555555556,0.3111111111111111,0.2222222222222222,1.0,1.0,1.0,1.0
IB_0052_hing,hinglish,8,16,2.0,0.3137254901960784,0.5,1.0,1.0,1.0,1.0
IB_0052_ta,tamil,9,19,2.111111111111111,0.24050632911392406,0.3333333333333333,1.0,1.0,1.0,1.0
IB_0055_en,english,8,15,1.875,0.3191489361702128,0.25,1.0,1.0,1.0,1.0
IB_0055_hi,hindi,9,17,1.8888888888888888,0.2982456140350877,0.3333333333333333,1.0,1.0,1.0,1.0
IB_0055_hing,hinglish,10,16,1.6,0.2857142857142857,0.4,1.0,1.0,1.0,1.0
IB_0055_ta,tamil,7,19,2.7142857142857144,0.296875,0.5714285714285714,1.0,1.0,1.0,1.0
IB_0081_en,english,16,21,1.3125,0.28,0.25,1.0,1.0,1.0,1.0
IB_0081_hi,hindi,16,19,1.1875,0.3220338983050847,0.125,1.0,1.0,1.0,1.0
IB_0081_hing,hinglish,15,22,1.4666666666666666,0.3283582089552239,0.4,1.0,1.0,1.0,1.0
IB_0081_ta,tamil,14,20,1.4285714285714286,0.23809523809523808,0.14285714285714285,1.0,1.0,1.0,1.0
IB_0082_en,english,18,22,1.2222222222222223,0.27848101265822783,0.16666666666666666,1.0,1.0,1.0,1.0
IB_0082_hi,hindi,17,21,1.2352941176470589,0.3620689655172414,0.11764705882352941,1.0,1.0,1.0,1.0
IB_0082_hing,hinglish,15,20,1.3333333333333333,0.3076923076923077,0.26666666666666666,1.0,1.0,1.0,1.0
IB_0082_ta,tamil,15,22,1.4666666666666666,0.2619047619047619,0.26666666666666666,1.0,1.0,1.0,1.0
IB_0083_en,english,16,22,1.375,0.30985915492957744,0.25,1.0,1.0,1.0,1.0
IB_0083_hi,hindi,15,21,1.4,0.375,0.2,1.0,1.0,1.0,1.0
IB_0083_hing,hinglish,13,19,1.4615384615384615,0.3275862068965517,0.38461538461538464,1.0,1.0,1.0,1.0
IB_0083_ta,tamil,13,22,1.6923076923076923,0.25,0.23076923076923078,1.0,1.0,1.0,1.0
IB_0085_en,english,16,21,1.3125,0.3,0.1875,1.0,1.0,1.0,1.0
IB_0085_hi,hindi,14,18,1.2857142857142858,0.3050847457627119,0.14285714285714285,1.0,1.0,1.0,1.0
IB_0085_hing,hinglish,15,21,1.4,0.328125,0.3333333333333333,1.0,1.0,1.0,1.0
IB_0085_ta,tamil,14,20,1.4285714285714286,0.24096385542168675,0.21428571428571427,1.0,1.0,1.0,1.0
IB_0089_en,english,16,25,1.5625,0.25252525252525254,0.25,1.0,1.0,1.0,1.0
IB_0089_hi,hindi,19,31,1.631578947368421,0.3333333333333333,0.2631578947368421,1.0,1.0,1.0,1.0
IB_0089_hing,hinglish,15,24,1.6,0.27906976744186046,0.3333333333333333,1.0,1.0,1.0,1.0
IB_0089_ta,tamil,18,33,1.8333333333333333,0.275,0.3888888888888889,1.0,1.0,1.0,1.0
IB_0100_en,english,9,23,2.5555555555555554,0.30666666666666664,0.7777777777777778,1.0,1.0,1.0,1.0
IB_0100_hi,hindi,14,21,1.5,0.328125,0.21428571428571427,0.0,1.0,1.0,0.3333333333333333
IB_0100_hing,hinglish,10,21,2.1,0.3088235294117647,0.5,1.0,1.0,1.0,1.0
IB_0100_ta,tamil,10,21,2.1,0.28,0.3,1.0,1.0,1.0,1.0
IB_0123_en,english,25,33,1.32,0.22916666666666666,0.16,0.5,0.5,1.0,0.625
IB_0123_hi,hindi,19,29,1.5263157894736843,0.31868131868131866,0.15789473684210525,0.0,1.0,1.0,0.41666666666666663
IB_0123_hing,hinglish,12,17,1.4166666666666667,0.22077922077922077,0.25,0.5,0.5,0.5,0.5714285714285714
IB_0123_ta,tamil,17,36,2.1176470588235294,0.22784810126582278,0.5294117647058824,0.5,0.5,0.5,0.5833333333333334
IB_0125_en,english,19,30,1.5789473684210527,0.24390243902439024,0.3157894736842105,0.0,1.0,1.0,0.41666666666666663
IB_0125_hi,hindi,18,28,1.5555555555555556,0.3181818181818182,0.16666666666666666,0.0,1.0,1.0,0.41666666666666663
IB_0125_hing,hinglish,14,19,1.3571428571428572,0.2159090909090909,0.21428571428571427,0.5,0.5,0.5,0.5294117647058824
IB_0125_ta,tamil,13,35,2.6923076923076925,0.29914529914529914,0.5384615384615384,0.5,1.0,1.0,0.75
IB_0127_en,english,24,33,1.375,0.24087591240875914,0.20833333333333334,0.5,0.5,1.0,0.625
IB_0127_hi,hindi,21,32,1.5238095238095237,0.3404255319148936,0.14285714285714285,0.5,1.0,1.0,0.6666666666666666
IB_0127_hing,hinglish,27,39,1.4444444444444444,0.2826086956521739,0.37037037037037035,0.5,1.0,1.0,0.6666666666666666
IB_0127_ta,tamil,18,38,2.111111111111111,0.23030303030303031,0.5555555555555556,0.5,0.5,0.5,0.5714285714285714
IB_0128_en,english,13,22,1.6923076923076923,0.27848101265822783,0.38461538461538464,0.5,1.0,1.0,0.6666666666666666
IB_0128_hi,hindi,15,21,1.4,0.3088235294117647,0.2,0.5,0.5,1.0,0.625
IB_0128_hing,hinglish,14,21,1.5,0.2692307692307692,0.2857142857142857,0.5,1.0,1.0,0.75
IB_0128_ta,tamil,10,19,1.9,0.2289156626506024,0.4,0.5,0.5,0.5,0.5294117647058824
IB_0130_en,english,14,25,1.7857142857142858,0.3125,0.2857142857142857,0.0,0.5,1.0,0.375
IB_0130_hi,hindi,16,21,1.3125,0.3620689655172414,0.125,0.5,1.0,1.0,0.75
IB_0130_hing,hinglish,13,20,1.5384615384615385,0.31746031746031744,0.3076923076923077,0.5,1.0,1.0,0.75
IB_0130_ta,tamil,9,18,2.0,0.28125,0.5555555555555556,0.5,0.5,0.5,0.53125
IB_0131_en,english,12,20,1.6666666666666667,0.29411764705882354,0.4166666666666667,0.5,1.0,1.0,0.6666666666666666
IB_0131_hi,hindi,14,21,1.5,0.3620689655172414,0.2857142857142857,0.5,1.0,1.0,0.6666666666666666
IB_0131_hing,hinglish,11,20,1.8181818181818181,0.3333333333333333,0.45454545454545453,0.0,0.5,0.5,0.28125
IB_0131_ta,tamil,9,16,1.7777777777777777,0.21621621621621623,0.3333333333333333,0.5,0.5,0.5,0.5555555555555556
IB_0132_en,english,14,26,1.8571428571428572,0.3023255813953488,0.2857142857142857,0.0,0.5,1.0,0.29166666666666663
IB_0132_hi,hindi,14,20,1.4285714285714286,0.3125,0.21428571428571427,0.0,0.5,1.0,0.35
IB_0132_hing,hinglish,11,22,2.0,0.34375,0.45454545454545453,0.0,0.5,0.5,0.2833333333333333
IB_0132_ta,tamil,9,20,2.2222222222222223,0.2564102564102564,0.4444444444444444,0.5,0.5,0.5,0.5625
IB_0133_en,english,15,20,1.3333333333333333,0.23809523809523808,0.2,0.5,1.0,1.0,0.6666666666666666
IB_0133_hi,hindi,15,19,1.2666666666666666,0.2923076923076923,0.13333333333333333,0.5,0.5,1.0,0.625
IB_0133_hing,hinglish,14,19,1.3571428571428572,0.25333333333333335,0.21428571428571427,0.5,1.0,1.0,0.75
IB_0133_ta,tamil,13,25,1.9230769230769231,0.25252525252525254,0.46153846153846156,0.5,0.5,1.0,0.6
IB_0135_en,english,14,20,1.4285714285714286,0.24390243902439024,0.21428571428571427,0.5,1.0,1.0,0.6666666666666666
IB_0135_hi,hindi,13,18,1.3846153846153846,0.3,0.15384615384615385,0.5,1.0,1.0,0.6666666666666666
IB_0135_hing,hinglish,13,19,1.4615384615384615,0.25333333333333335,0.23076923076923078,0.0,0.5,0.5,0.2833333333333333
IB_0135_ta,tamil,9,19,2.111111111111111,0.2676056338028169,0.5555555555555556,0.0,0.5,0.5,0.2777777777777778
IB_0138_en,english,13,22,1.6923076923076923,0.24719101123595505,0.23076923076923078,0.0,1.0,1.0,0.3333333333333333
IB_0138_hi,hindi,14,24,1.7142857142857142,0.35294117647058826,0.21428571428571427,1.0,1.0,1.0,1.0
IB_0138_hing,hinglish,14,22,1.5714285714285714,0.24444444444444444,0.2857142857142857,0.0,0.0,0.0,0.16666666666666666
IB_0138_ta,tamil,9,26,2.888888888888889,0.29545454545454547,0.4444444444444444,1.0,1.0,1.0,1.0
IB_0147_en,english,20,25,1.25,0.2336448598130841,0.1,1.0,1.0,1.0,1.0
IB_0147_hi,hindi,8,12,1.5,0.3,0.125,1.0,1.0,1.0,1.0
IB_0147_hing,hinglish,7,10,1.4285714285714286,0.2564102564102564,0.2857142857142857,1.0,1.0,1.0,1.0
IB_0147_ta,tamil,13,29,2.230769230769231,0.2248062015503876,0.3076923076923077,1.0,1.0,1.0,1.0
IB_0152_en,english,12,14,1.1666666666666667,0.24561403508771928,0.08333333333333333,1.0,1.0,1.0,1.0
IB_0152_hi,hindi,11,14,1.2727272727272727,0.2857142857142857,0.09090909090909091,1.0,1.0,1.0,1.0
IB_0152_hing,hinglish,8,14,1.75,0.358974358974359,0.625,1.0,1.0,1.0,1.0
IB_0152_ta,tamil,9,15,1.6666666666666667,0.189873417721519,0.2222222222222222,1.0,1.0,1.0,1.0
IB_0153_en,english,12,14,1.1666666666666667,0.22950819672131148,0.08333333333333333,1.0,1.0,1.0,1.0
IB_0153_hi,hindi,11,15,1.3636363636363635,0.3333333333333333,0.0,1.0,1.0,1.0,1.0
IB_0153_hing,hinglish,8,12,1.5,0.3,0.375,1.0,1.0,1.0,1.0
IB_0153_ta,tamil,9,14,1.5555555555555556,0.2222222222222222,0.2222222222222222,1.0,1.0,1.0,1.0
IB_0158_en,english,10,19,1.9,0.296875,0.3,1.0,1.0,1.0,1.0
IB_0158_hi,hindi,11,17,1.5454545454545454,0.3269230769230769,0.18181818181818182,1.0,1.0,1.0,1.0
IB_0158_hing,hinglish,9,16,1.7777777777777777,0.3404255319148936,0.4444444444444444,1.0,1.0,1.0,1.0
IB_0158_ta,tamil,9,19,2.111111111111111,0.2923076923076923,0.5555555555555556,0.0,1.0,1.0,0.5
IB_0177_en,english,20,33,1.65,0.2682926829268293,0.3,0.0,1.0,1.0,0.41666666666666663
IB_0177_hi,hindi,26,38,1.4615384615384615,0.3333333333333333,0.19230769230769232,0.5,0.5,1.0,0.625
IB_0177_hing,hinglish,16,27,1.6875,0.36486486486486486,0.4375,0.5,0.5,1.0,0.625
IB_0177_ta,tamil,17,33,1.9411764705882353,0.275,0.47058823529411764,0.5,0.5,1.0,0.625
IB_0191_en,english,13,21,1.6153846153846154,0.28378378378378377,0.3076923076923077,0.0,1.0,1.0,0.5
IB_0191_hi,hindi,16,22,1.375,0.3142857142857143,0.25,1.0,1.0,1.0,1.0
IB_0191_hing,hinglish,9,16,1.7777777777777777,0.3076923076923077,0.5555555555555556,0.0,1.0,1.0,0.5
IB_0191_ta,tamil,11,20,1.8181818181818181,0.22988505747126436,0.36363636363636365,1.0,1.0,1.0,1.0
IB_0192_en,english,9,17,1.8888888888888888,0.2786885245901639,0.4444444444444444,1.0,1.0,1.0,1.0
IB_0192_hi,hindi,11,15,1.3636363636363635,0.2830188679245283,0.2727272727272727,0.0,1.0,1.0,0.5
IB_0192_hing,hinglish,10,16,1.6,0.3018867924528302,0.4,0.0,1.0,1.0,0.5
IB_0192_ta,tamil,11,18,1.6363636363636365,0.23684210526315788,0.36363636363636365,0.0,1.0,1.0,0.5
IB_0193_en,english,16,25,1.5625,0.2717391304347826,0.3125,1.0,1.0,1.0,1.0
IB_0193_hi,hindi,15,23,1.5333333333333334,0.3026315789473684,0.26666666666666666,1.0,1.0,1.0,1.0
IB_0193_hing,hinglish,13,23,1.7692307692307692,0.27710843373493976,0.46153846153846156,1.0,1.0,1.0,1.0
IB_0193_ta,tamil,14,28,2.0,0.28,0.42857142857142855,1.0,1.0,1.0,1.0
IB_0201_en,english,12,21,1.75,0.3387096774193548,0.4166666666666667,0.0,1.0,1.0,0.5
IB_0201_hi,hindi,13,21,1.6153846153846154,0.3888888888888889,0.23076923076923078,1.0,1.0,1.0,1.0
IB_0201_hing,hinglish,11,18,1.6363636363636365,0.32142857142857145,0.45454545454545453,0.0,0.0,1.0,0.25
IB_0201_ta,tamil,8,21,2.625,0.3684210526315789,0.875,0.0,0.0,0.0,0.16666666666666666
IB_0216_en,english,13,21,1.6153846153846154,0.3,0.3076923076923077,1.0,1.0,1.0,1.0
IB_0216_hi,hindi,17,23,1.3529411764705883,0.3026315789473684,0.058823529411764705,1.0,1.0,1.0,1.0
IB_0216_hing,hinglish,12,16,1.3333333333333333,0.27586206896551724,0.25,1.0,1.0,1.0,1.0
IB_0216_ta,tamil,15,27,1.8,0.24545454545454545,0.4,0.0,1.0,1.0,0.5
IB_0217_en,english,16,20,1.25,0.2777777777777778,0.125,1.0,1.0,1.0,1.0
IB_0217_hi,hindi,16,23,1.4375,0.3108108108108108,0.125,1.0,1.0,1.0,1.0
IB_0217_hing,hinglish,14,21,1.5,0.30434782608695654,0.42857142857142855,1.0,1.0,1.0,1.0
IB_0217_ta,tamil,16,27,1.6875,0.25,0.3125,0.0,1.0,1.0,0.5
IB_0218_en,english,12,18,1.5,0.3050847457627119,0.25,0.0,1.0,1.0,0.5
IB_0218_hi,hindi,17,25,1.4705882352941178,0.38461538461538464,0.17647058823529413,0.0,1.0,1.0,0.3333333333333333
IB_0218_hing,hinglish,17,27,1.588235294117647,0.30337078651685395,0.47058823529411764,1.0,1.0,1.0,1.0
IB_0218_ta,tamil,14,26,1.8571428571428572,0.2549019607843137,0.2857142857142857,0.0,1.0,1.0,0.3333333333333333
IB_0221_en,english,16,22,1.375,0.24444444444444444,0.1875,0.0,1.0,1.0,0.3333333333333333
IB_0221_hi,hindi,22,30,1.3636363636363635,0.375,0.13636363636363635,0.0,1.0,1.0,0.3333333333333333
IB_0221_hing,hinglish,19,29,1.5263157894736843,0.27358490566037735,0.42105263157894735,1.0,1.0,1.0,1.0
IB_0221_ta,tamil,18,35,1.9444444444444444,0.2755905511811024,0.4444444444444444,1.0,1.0,1.0,1.0
IB_0227_en,english,25,33,1.32,0.2357142857142857,0.16,0.3333333333333333,1.0,1.0,0.611111111111111
IB_0227_hi,hindi,24,34,1.4166666666666667,0.34,0.125,0.3333333333333333,1.0,1.0,0.611111111111111
IB_0227_hing,hinglish,19,31,1.631578947368421,0.29245283018867924,0.42105263157894735,0.0,0.3333333333333333,0.6666666666666666,0.2916666666666667
IB_0227_ta,tamil,16,31,1.9375,0.2540983606557377,0.375,0.3333333333333333,0.6666666666666666,0.6666666666666666,0.5277777777777778
IB_0228_en,english,28,44,1.5714285714285714,0.2953020134228188,0.25,0.3333333333333333,0.6666666666666666,1.0,0.5833333333333334
IB_0228_hi,hindi,26,36,1.3846153846153846,0.34951456310679613,0.11538461538461539,0.3333333333333333,0.6666666666666666,0.6666666666666666,0.5476190476190476
IB_0228_hing,hinglish,21,33,1.5714285714285714,0.28205128205128205,0.38095238095238093,0.0,0.3333333333333333,0.6666666666666666,0.27499999999999997
IB_0228_ta,tamil,16,31,1.9375,0.25,0.375,0.3333333333333333,0.6666666666666666,0.6666666666666666,0.5303030303030303
IB_0236_en,english,12,18,1.5,0.32142857142857145,0.25,1.0,1.0,1.0,1.0
IB_0236_hi,hindi,15,21,1.4,0.3181818181818182,0.06666666666666667,1.0,1.0,1.0,1.0
IB_0236_hing,hinglish,10,15,1.5,0.3333333333333333,0.4,1.0,1.0,1.0,1.0
IB_0236_ta,tamil,10,19,1.9,0.23170731707317074,0.3,1.0,1.0,1.0,1.0
IB_0254_en,english,11,18,1.6363636363636365,0.27692307692307694,0.18181818181818182,1.0,1.0,1.0,1.0
IB_0254_hi,hindi,11,18,1.6363636363636365,0.32727272727272727,0.2727272727272727,0.0,1.0,1.0,0.3333333333333333
IB_0254_hing,hinglish,12,19,1.5833333333333333,0.25675675675675674,0.08333333333333333,1.0,1.0,1.0,1.0
IB_0254_ta,tamil,10,20,2.0,0.2702702702702703,0.4,0.0,0.0,0.0,0.1
IB_0297_en,english,13,22,1.6923076923076923,0.2558139534883721,0.3076923076923077,1.0,1.0,1.0,1.0
IB_0297_hi,hindi,10,21,2.1,0.375,0.4,1.0,1.0,1.0,1.0
IB_0297_hing,hinglish,10,20,2.0,0.2777777777777778,0.5,1.0,1.0,1.0,1.0
IB_0297_ta,tamil,10,25,2.5,0.3246753246753247,0.5,1.0,1.0,1.0,1.0
IB_0301_en,english,18,29,1.6111111111111112,0.29,0.3333333333333333,1.0,1.0,1.0,1.0
IB_0301_hi,hindi,18,29,1.6111111111111112,0.3918918918918919,0.2777777777777778,1.0,1.0,1.0,1.0
IB_0301_hing,hinglish,13,23,1.7692307692307692,0.3026315789473684,0.46153846153846156,1.0,1.0,1.0,1.0
IB_0301_ta,tamil,15,37,2.466666666666667,0.3217391304347826,0.5333333333333333,1.0,1.0,1.0,1.0
IB_0304_en,english,16,27,1.6875,0.2903225806451613,0.375,1.0,1.0,1.0,1.0
IB_0304_hi,hindi,17,28,1.6470588235294117,0.39436619718309857,0.29411764705882354,0.0,1.0,1.0,0.5
IB_0304_hing,hinglish,18,30,1.6666666666666667,0.2857142857142857,0.3888888888888889,1.0,1.0,1.0,1.0
IB_0304_ta,tamil,14,30,2.142857142857143,0.2777777777777778,0.42857142857142855,1.0,1.0,1.0,1.0
IB_0307_en,english,18,26,1.4444444444444444,0.2653061224489796,0.2222222222222222,1.0,1.0,1.0,1.0
IB_0307_hi,hindi,18,25,1.3888888888888888,0.35714285714285715,0.16666666666666666,0.0,1.0,1.0,0.3333333333333333
IB_0307_hing,hinglish,16,26,1.625,0.3058823529411765,0.375,1.0,1.0,1.0,1.0
IB_0307_ta,tamil,15,25,1.6666666666666667,0.22727272727272727,0.26666666666666666,1.0,1.0,1.0,1.0
IB_0317_en,english,13,17,1.3076923076923077,0.25757575757575757,0.15384615384615385,1.0,1.0,1.0,1.0
IB_0317_hi,hindi,14,22,1.5714285714285714,0.36065573770491804,0.21428571428571427,1.0,1.0,1.0,1.0
IB_0317_hing,hinglish,10,14,1.4,0.2545454545454545,0.3,1.0,1.0,1.0,1.0
IB_0317_ta,tamil,13,23,1.7692307692307692,0.25274725274725274,0.5384615384615384,1.0,1.0,1.0,1.0
IB_0327_en,english,14,20,1.4285714285714286,0.28169014084507044,0.2857142857142857,1.0,1.0,1.0,1.0
IB_0327_hi,hindi,16,24,1.5,0.3380281690140845,0.1875,1.0,1.0,1.0,1.0
IB_0327_hing,hinglish,12,19,1.5833333333333333,0.2878787878787879,0.5,1.0,1.0,1.0,1.0
IB_0327_ta,tamil,12,20,1.6666666666666667,0.22727272727272727,0.4166666666666667,1.0,1.0,1.0,1.0
IB_0345_en,english,17,27,1.588235294117647,0.3068181818181818,0.17647058823529413,0.0,0.0,1.0,0.225
IB_0345_hi,hindi,16,27,1.6875,0.3375,0.25,0.5,1.0,1.0,0.6666666666666666
IB_0345_hing,hinglish,12,23,1.9166666666666667,0.3484848484848485,0.4166666666666667,0.5,0.5,1.0,0.625
IB_0345_ta,tamil,11,25,2.272727272727273,0.2631578947368421,0.36363636363636365,0.5,0.5,0.5,0.5454545454545454
IB_0346_en,english,17,25,1.4705882352941178,0.32051282051282054,0.23529411764705882,0.0,0.0,0.5,0.20833333333333331
IB_0346_hi,hindi,17,27,1.588235294117647,0.391304347826087,0.17647058823529413,0.5,1.0,1.0,0.75
IB_0346_hing,hinglish,18,26,1.4444444444444444,0.3291139240506329,0.3888888888888889,0.0,0.5,0.5,0.29545454545454547
IB_0346_ta,tamil,14,26,1.8571428571428572,0.26262626262626265,0.42857142857142855,0.5,0.5,0.5,0.5833333333333334
IB_0355_en,english,26,39,1.5,0.291044776119403,0.2692307692307692,0.3333333333333333,0.6666666666666666,1.0,0.5277777777777778
IB_0355_hi,hindi,30,38,1.2666666666666666,0.3247863247863248,0.06666666666666667,0.0,0.6666666666666666,1.0,0.3611111111111111
IB_0355_hing,hinglish,18,30,1.6666666666666667,0.375,0.5,0.3333333333333333,0.6666666666666666,1.0,0.5277777777777778
IB_0355_ta,tamil,16,33,2.0625,0.2727272727272727,0.5625,0.3333333333333333,0.6666666666666666,1.0,0.5833333333333334
IB_0366_en,english,18,26,1.4444444444444444,0.24528301886792453,0.3333333333333333,0.5,1.0,1.0,0.75
IB_0366_hi,hindi,22,29,1.3181818181818181,0.3411764705882353,0.18181818181818182,0.5,1.0,1.0,0.6666666666666666
IB_0366_hing,hinglish,16,24,1.5,0.2823529411764706,0.4375,0.5,1.0,1.0,0.75
IB_0366_ta,tamil,18,39,2.1666666666666665,0.29545454545454547,0.5,0.0,0.5,1.0,0.375
IB_0367_en,english,23,31,1.3478260869565217,0.26956521739130435,0.21739130434782608,0.5,1.0,1.0,0.6666666666666666
IB_0367_hi,hindi,21,31,1.4761904761904763,0.3333333333333333,0.2857142857142857,0.5,1.0,1.0,0.75
IB_0367_hing,hinglish,16,26,1.625,0.29213483146067415,0.4375,0.5,1.0,1.0,0.75
IB_0367_ta,tamil,16,34,2.125,0.2857142857142857,0.3125,0.5,1.0,1.0,0.75
IB_0368_en,english,24,32,1.3333333333333333,0.2644628099173554,0.20833333333333334,0.5,1.0,1.0,0.6666666666666666
IB_0368_hi,hindi,22,32,1.4545454545454546,0.32989690721649484,0.2727272727272727,0.5,1.0,1.0,0.75
IB_0368_hing,hinglish,21,34,1.619047619047619,0.3269230769230769,0.5238095238095238,0.5,1.0,1.0,0.75
IB_0368_ta,tamil,18,36,2.0,0.28346456692913385,0.5,0.0,1.0,1.0,0.41666666666666663
IB_0001_en,english,16,25,1.5625,0.29069767441860467,0.3125,1.0,1.0,1.0,1.0
IB_0001_hi,hindi,14,21,1.5,0.3442622950819672,0.21428571428571427,1.0,1.0,1.0,1.0
IB_0001_hing,hinglish,16,22,1.375,0.24719101123595505,0.25,1.0,1.0,1.0,1.0
IB_0001_ta,tamil,10,22,2.2,0.30985915492957744,0.4,1.0,1.0,1.0,1.0
IB_0010_en,english,14,20,1.4285714285714286,0.26666666666666666,0.21428571428571427,1.0,1.0,1.0,1.0
IB_0010_hi,hindi,14,20,1.4285714285714286,0.36363636363636365,0.14285714285714285,1.0,1.0,1.0,1.0
IB_0010_hing,hinglish,12,17,1.4166666666666667,0.29310344827586204,0.3333333333333333,0.0,1.0,1.0,0.5
IB_0010_ta,tamil,10,20,2.0,0.29850746268656714,0.3,1.0,1.0,1.0,1.0
IB_0017_en,english,13,21,1.6153846153846154,0.2441860465116279,0.23076923076923078,1.0,1.0,1.0,1.0
IB_0017_hi,hindi,12,23,1.9166666666666667,0.3150684931506849,0.25,1.0,1.0,1.0,1.0
IB_0017_hing,hinglish,9,17,1.8888888888888888,0.2698412698412698,0.3333333333333333,1.0,1.0,1.0,1.0
IB_0017_ta,tamil,13,24,1.8461538461538463,0.26373626373626374,0.38461538461538464,1.0,1.0,1.0,1.0
IB_0018_en,english,14,23,1.6428571428571428,0.25,0.21428571428571427,1.0,1.0,1.0,1.0
IB_0018_hi,hindi,16,21,1.3125,0.29577464788732394,0.125,1.0,1.0,1.0,1.0
IB_0018_hing,hinglish,10,17,1.7,0.25757575757575757,0.3,1.0,1.0,1.0,1.0
IB_0018_ta,tamil,12,34,2.8333333333333335,0.3617021276595745,0.8333333333333334,1.0,1.0,1.0,1.0
IB_0021_en,english,14,23,1.6428571428571428,0.25555555555555554,0.21428571428571427,1.0,1.0,1.0,1.0
IB_0021_hi,hindi,12,26,2.1666666666666665,0.37681159420289856,0.25,1.0,1.0,1.0,1.0
IB_0021_hing,hinglish,10,20,2.0,0.31746031746031744,0.5,1.0,1.0,1.0,1.0
IB_0021_ta,tamil,11,28,2.5454545454545454,0.3373493975903614,0.6363636363636364,0.0,1.0,1.0,0.5
IB_0037_en,english,10,23,2.3,0.3150684931506849,0.5,1.0,1.0,1.0,1.0
IB_0037_hi,hindi,11,20,1.8181818181818181,0.31746031746031744,0.18181818181818182,1.0,1.0,1.0,1.0
IB_0037_hing,hinglish,13,23,1.7692307692307692,0.2987012987012987,0.38461538461538464,1.0,1.0,1.0,1.0
IB_0037_ta,tamil,14,29,2.0714285714285716,0.2457627118644068,0.42857142857142855,1.0,1.0,1.0,1.0
IB_0047_en,english,12,19,1.5833333333333333,0.30158730158730157,0.25,1.0,1.0,1.0,1.0
IB_0047_hi,hindi,10,12,1.2,0.24489795918367346,0.1,1.0,1.0,1.0,1.0
IB_0047_hing,hinglish,8,12,1.5,0.3157894736842105,0.375,1.0,1.0,1.0,1.0
IB_0047_ta,tamil,9,16,1.7777777777777777,0.2222222222222222,0.4444444444444444,1.0,1.0,1.0,1.0
IB_0048_en,english,12,16,1.3333333333333333,0.2711864406779661,0.25,1.0,1.0,1.0,1.0
IB_0048_hi,hindi,15,19,1.2666666666666666,0.296875,0.0,1.0,1.0,1.0,1.0
IB_0048_hing,hinglish,13,18,1.3846153846153846,0.2727272727272727,0.3076923076923077,1.0,1.0,1.0,1.0
IB_0048_ta,tamil,10,21,2.1,0.2727272727272727,0.5,1.0,1.0,1.0,1.0
IB_0050_en,english,11,23,2.090909090909091,0.2987012987012987,0.36363636363636365,0.0,0.0,1.0,0.25
IB_0050_hi,hindi,13,19,1.4615384615384615,0.3064516129032258,0.07692307692307693,1.0,1.0,1.0,1.0
IB_0050_hing,hinglish,9,17,1.8888888888888888,0.2698412698412698,0.4444444444444444,0.0,0.0,1.0,0.2
IB_0050_ta,tamil,11,23,2.090909090909091,0.27058823529411763,0.45454545454545453,1.0,1.0,1.0,1.0
IB_0051_en,english,11,22,2.0,0.29333333333333333,0.36363636363636365,0.0,0.0,1.0,0.25
IB_0051_hi,hindi,10,16,1.6,0.2909090909090909,0.2,1.0,1.0,1.0,1.0
IB_0051_hing,hinglish,9,16,1.7777777777777777,0.3076923076923077,0.4444444444444444,1.0,1.0,1.0,1.0
IB_0051_ta,tamil,10,21,2.1,0.2692307692307692,0.4,1.0,1.0,1.0,1.0
IB_0053_en,english,11,22,2.0,0.2857142857142857,0.36363636363636365,0.0,0.0,1.0,0.25
IB_0053_hi,hindi,13,19,1.4615384615384615,0.3064516129032258,0.0,1.0,1.0,1.0,1.0
IB_0053_hing,hinglish,11,15,1.3636363636363635,0.21739130434782608,0.09090909090909091,0.0,0.0,1.0,0.25
IB_0053_ta,tamil,10,19,1.9,0.21839080459770116,0.2,1.0,1.0,1.0,1.0
IB_0060_en,english,14,19,1.3571428571428572,0.2753623188405797,0.21428571428571427,1.0,1.0,1.0,1.0
IB_0060_hi,hindi,14,20,1.4285714285714286,0.29411764705882354,0.2857142857142857,1.0,1.0,1.0,1.0
IB_0060_hing,hinglish,7,12,1.7142857142857142,0.27906976744186046,0.5714285714285714,1.0,1.0,1.0,1.0
IB_0060_ta,tamil,11,24,2.1818181818181817,0.22857142857142856,0.6363636363636364,1.0,1.0,1.0,1.0
IB_0065_en,english,16,22,1.375,0.2619047619047619,0.25,1.0,1.0,1.0,1.0
IB_0065_hi,hindi,13,17,1.3076923076923077,0.3148148148148148,0.15384615384615385,1.0,1.0,1.0,1.0
IB_0065_hing,hinglish,10,15,1.5,0.29411764705882354,0.2,1.0,1.0,1.0,1.0
IB_0065_ta,tamil,13,21,1.6153846153846154,0.2441860465116279,0.46153846153846156,0.0,1.0,1.0,0.3333333333333333
IB_0067_en,english,17,22,1.2941176470588236,0.24719101123595505,0.17647058823529413,1.0,1.0,1.0,1.0
IB_0067_hi,hindi,13,17,1.3076923076923077,0.30357142857142855,0.15384615384615385,1.0,1.0,1.0,1.0
IB_0067_hing,hinglish,8,14,1.75,0.32558139534883723,0.375,0.0,1.0,1.0,0.5
IB_0067_ta,tamil,12,19,1.5833333333333333,0.24050632911392406,0.3333333333333333,1.0,1.0,1.0,1.0
IB_0068_en,english,16,23,1.4375,0.27380952380952384,0.3125,1.0,1.0,1.0,1.0
IB_0068_hi,hindi,15,19,1.2666666666666666,0.3064516129032258,0.13333333333333333,1.0,1.0,1.0,1.0
IB_0068_hing,hinglish,10,16,1.6,0.3018867924528302,0.3,1.0,1.0,1.0,1.0
IB_0068_ta,tamil,13,21,1.6153846153846154,0.24705882352941178,0.38461538461538464,1.0,1.0,1.0,1.0
IB_0078_en,english,13,34,2.6153846153846154,0.35789473684210527,0.6923076923076923,1.0,1.0,1.0,1.0
IB_0078_hi,hindi,16,27,1.6875,0.3333333333333333,0.1875,1.0,1.0,1.0,1.0
IB_0078_hing,hinglish,6,12,2.0,0.2553191489361702,0.6666666666666666,1.0,1.0,1.0,1.0
IB_0078_ta,tamil,12,33,2.75,0.2558139534883721,0.4166666666666667,1.0,1.0,1.0,1.0
IB_0087_en,english,15,27,1.8,0.35526315789473684,0.3333333333333333,1.0,1.0,1.0,1.0
IB_0087_hi,hindi,9,16,1.7777777777777777,0.34782608695652173,0.4444444444444444,0.0,1.0,1.0,0.5
IB_0087_hing,hinglish,15,24,1.6,0.36923076923076925,0.4,1.0,1.0,1.0,1.0
IB_0087_ta,tamil,10,19,1.9,0.24358974358974358,0.4,0.0,0.0,1.0,0.25
IB_0093_en,english,14,25,1.7857142857142858,0.26881720430107525,0.42857142857142855,0.0,1.0,1.0,0.5
IB_0093_hi,hindi,16,25,1.5625,0.33783783783783783,0.25,1.0,1.0,1.0,1.0
IB_0093_hing,hinglish,9,17,1.8888888888888888,0.25,0.4444444444444444,1.0,1.0,1.0,1.0
IB_0093_ta,tamil,11,21,1.9090909090909092,0.23863636363636365,0.36363636363636365,1.0,1.0,1.0,1.0
IB_0097_en,english,16,25,1.5625,0.29069767441860467,0.25,1.0,1.0,1.0,1.0
IB_0097_hi,hindi,11,23,2.090909090909091,0.35384615384615387,0.45454545454545453,0.0,1.0,1.0,0.5
IB_0097_hing,hinglish,12,19,1.5833333333333333,0.3114754098360656,0.25,1.0,1.0,1.0,1.0
IB_0097_ta,tamil,13,29,2.230769230769231,0.28431372549019607,0.3076923076923077,0.0,1.0,1.0,0.5
IB_0099_en,english,16,23,1.4375,0.2839506172839506,0.1875,1.0,1.0,1.0,1.0
IB_0099_hi,hindi,15,22,1.4666666666666666,0.3333333333333333,0.13333333333333333,0.0,1.0,1.0,0.3333333333333333
IB_0099_hing,hinglish,11,22,2.0,0.34375,0.5454545454545454,0.0,1.0,1.0,0.3333333333333333
IB_0099_ta,tamil,12,26,2.1666666666666665,0.2765957446808511,0.4166666666666667,0.0,1.0,1.0,0.3333333333333333
IB_0110_en,english,18,22,1.2222222222222223,0.2619047619047619,0.16666666666666666,1.0,1.0,1.0,1.0
IB_0110_hi,hindi,12,22,1.8333333333333333,0.34375,0.5,1.0,1.0,1.0,1.0
IB_0110_hing,hinglish,14,23,1.6428571428571428,0.2948717948717949,0.42857142857142855,1.0,1.0,1.0,1.0
IB_0110_ta,tamil,12,25,2.0833333333333335,0.2631578947368421,0.5,1.0,1.0,1.0,1.0
IB_0112_en,english,11,17,1.5454545454545454,0.2537313432835821,0.2727272727272727,1.0,1.0,1.0,1.0
IB_0112_hi,hindi,16,22,1.375,0.36666666666666664,0.1875,1.0,1.0,1.0,1.0
IB_0112_hing,hinglish,12,18,1.5,0.2903225806451613,0.3333333333333333,1.0,1.0,1.0,1.0
IB_0112_ta,tamil,9,17,1.8888888888888888,0.22666666666666666,0.3333333333333333,1.0,1.0,1.0,1.0
IB_0114_en,english,10,17,1.7,0.30357142857142855,0.3,1.0,1.0,1.0,1.0
IB_0114_hi,hindi,11,15,1.3636363636363635,0.3409090909090909,0.18181818181818182,1.0,1.0,1.0,1.0
IB_0114_hing,hinglish,14,18,1.2857142857142858,0.27692307692307694,0.21428571428571427,1.0,1.0,1.0,1.0
IB_0114_ta,tamil,8,15,1.875,0.23809523809523808,0.375,1.0,1.0,1.0,1.0
IB_0115_en,english,10,16,1.6,0.25806451612903225,0.2,1.0,1.0,1.0,1.0
IB_0115_hi,hindi,11,15,1.3636363636363635,0.3191489361702128,0.18181818181818182,1.0,1.0,1.0,1.0
IB_0115_hing,hinglish,8,12,1.5,0.23529411764705882,0.375,1.0,1.0,1.0,1.0
IB_0115_ta,tamil,13,22,1.6923076923076923,0.22916666666666666,0.38461538461538464,1.0,1.0,1.0,1.0
IB_0117_en,english,12,19,1.5833333333333333,0.2714285714285714,0.25,1.0,1.0,1.0,1.0
IB_0117_hi,hindi,10,16,1.6,0.3333333333333333,0.4,1.0,1.0,1.0,1.0
IB_0117_hing,hinglish,9,15,1.6666666666666667,0.3409090909090909,0.4444444444444444,1.0,1.0,1.0,1.0
IB_0117_ta,tamil,13,23,1.7692307692307692,0.26136363636363635,0.46153846153846156,1.0,1.0,1.0,1.0
IB_0119_en,english,10,16,1.6,0.25806451612903225,0.2,1.0,1.0,1.0,1.0
IB_0119_hi,hindi,9,15,1.6666666666666667,0.3333333333333333,0.3333333333333333,1.0,1.0,1.0,1.0
IB_0119_hing,hinglish,14,19,1.3571428571428572,0.2676056338028169,0.21428571428571427,1.0,1.0,1.0,1.0
IB_0119_ta,tamil,11,17,1.5454545454545454,0.24285714285714285,0.2727272727272727,1.0,1.0,1.0,1.0
IB_0120_en,english,19,26,1.368421052631579,0.24528301886792453,0.2631578947368421,0.5,1.0,1.0,0.75
IB_0120_hi,hindi,17,30,1.7647058823529411,0.35294117647058826,0.29411764705882354,0.5,0.5,0.5,0.5454545454545454
IB_0120_hing,hinglish,12,19,1.5833333333333333,0.30158730158730157,0.5,0.0,0.5,1.0,0.375
IB_0120_ta,tamil,13,29,2.230769230769231,0.23577235772357724,0.46153846153846156,0.5,0.5,1.0,0.6
IB_0129_en,english,15,27,1.8,0.3375,0.26666666666666666,0.0,0.5,1.0,0.375
IB_0129_hi,hindi,14,20,1.4285714285714286,0.31746031746031744,0.21428571428571427,0.0,0.0,0.5,0.18055555555555555
IB_0129_hing,hinglish,14,24,1.7142857142857142,0.32432432432432434,0.5,0.0,0.5,0.5,0.2833333333333333
IB_0129_ta,tamil,14,27,1.9285714285714286,0.2571428571428571,0.5,0.5,0.5,0.5,0.5833333333333334
IB_0134_en,english,12,24,2.0,0.3582089552238806,0.25,0.0,0.5,1.0,0.375
IB_0134_hi,hindi,10,16,1.6,0.3137254901960784,0.3,0.0,0.5,0.5,0.22916666666666666
IB_0134_hing,hinglish,13,20,1.5384615384615385,0.29411764705882354,0.3076923076923077,0.5,1.0,1.0,0.75
IB_0134_ta,tamil,12,24,2.0,0.2857142857142857,0.5,0.5,0.5,1.0,0.6
IB_0136_en,english,11,17,1.5454545454545454,0.29310344827586204,0.2727272727272727,1.0,1.0,1.0,1.0
IB_0136_hi,hindi,12,18,1.5,0.375,0.16666666666666666,1.0,1.0,1.0,1.0
IB_0136_hing,hinglish,11,16,1.4545454545454546,0.2711864406779661,0.36363636363636365,1.0,1.0,1.0,1.0
IB_0136_ta,tamil,8,19,2.375,0.2676056338028169,0.5,1.0,1.0,1.0,1.0
IB_0137_en,english,9,17,1.8888888888888888,0.3148148148148148,0.3333333333333333,1.0,1.0,1.0,1.0
IB_0137_hi,hindi,16,25,1.5625,0.36231884057971014,0.0625,1.0,1.0,1.0,1.0
IB_0137_hing,hinglish,11,18,1.6363636363636365,0.3103448275862069,0.36363636363636365,1.0,1.0,1.0,1.0
IB_0137_ta,tamil,9,20,2.2222222222222223,0.24096385542168675,0.3333333333333333,1.0,1.0,1.0,1.0
IB_0139_en,english,10,17,1.7,0.25757575757575757,0.1,1.0,1.0,1.0,1.0
IB_0139_hi,hindi,17,29,1.7058823529411764,0.3670886075949367,0.058823529411764705,1.0,1.0,1.0,1.0
IB_0139_hing,hinglish,14,19,1.3571428571428572,0.25333333333333335,0.21428571428571427,1.0,1.0,1.0,1.0
IB_0139_ta,tamil,10,26,2.6,0.3023255813953488,0.6,1.0,1.0,1.0,1.0
IB_0143_en,english,10,19,1.9,0.31666666666666665,0.2,1.0,1.0,1.0,1.0
IB_0143_hi,hindi,16,23,1.4375,0.2948717948717949,0.125,1.0,1.0,1.0,1.0
IB_0143_hing,hinglish,12,20,1.6666666666666667,0.3125,0.3333333333333333,1.0,1.0,1.0,1.0
IB_0143_ta,tamil,9,24,2.6666666666666665,0.3287671232876712,0.7777777777777778,1.0,1.0,1.0,1.0
IB_0145_en,english,11,17,1.5454545454545454,0.2786885245901639,0.2727272727272727,1.0,1.0,1.0,1.0
IB_0145_hi,hindi,17,26,1.5294117647058822,0.3561643835616438,0.058823529411764705,1.0,1.0,1.0,1.0
IB_0145_hing,hinglish,13,18,1.3846153846153846,0.3,0.15384615384615385,1.0,1.0,1.0,1.0
IB_0145_ta,tamil,9,21,2.3333333333333335,0.2413793103448276,0.4444444444444444,1.0,1.0,1.0,1.0
IB_0150_en,english,14,18,1.2857142857142858,0.225,0.14285714285714285,1.0,1.0,1.0,1.0
IB_0150_hi,hindi,11,15,1.3636363636363635,0.28846153846153844,0.09090909090909091,1.0,1.0,1.0,1.0
IB_0150_hing,hinglish,10,13,1.3,0.2765957446808511,0.2,1.0,1.0,1.0,1.0
IB_0150_ta,tamil,10,16,1.6,0.20512820512820512,0.1,1.0,1.0,1.0,1.0
IB_0151_en,english,12,18,1.5,0.22784810126582278,0.25,0.0,0.0,1.0,0.25
IB_0151_hi,hindi,10,15,1.5,0.30612244897959184,0.1,1.0,1.0,1.0,1.0
IB_0151_hing,hinglish,10,16,1.6,0.27586206896551724,0.4,0.0,1.0,1.0,0.5
IB_0151_ta,tamil,12,20,1.6666666666666667,0.21978021978021978,0.16666666666666666,0.0,1.0,1.0,0.5
IB_0160_en,english,14,24,1.7142857142857142,0.27586206896551724,0.21428571428571427,1.0,1.0,1.0,1.0
IB_0160_hi,hindi,10,14,1.4,0.2545454545454545,0.1,1.0,1.0,1.0,1.0
IB_0160_hing,hinglish,8,14,1.75,0.2545454545454545,0.375,1.0,1.0,1.0,1.0
IB_0160_ta,tamil,13,25,1.9230769230769231,0.22321428571428573,0.46153846153846156,1.0,1.0,1.0,1.0
IB_0161_en,english,13,24,1.8461538461538463,0.27906976744186046,0.3076923076923077,1.0,1.0,1.0,1.0
IB_0161_hi,hindi,10,16,1.6,0.27586206896551724,0.1,1.0,1.0,1.0,1.0
IB_0161_hing,hinglish,8,12,1.5,0.21428571428571427,0.25,1.0,1.0,1.0,1.0
IB_0161_ta,tamil,13,25,1.9230769230769231,0.22522522522522523,0.46153846153846156,1.0,1.0,1.0,1.0
IB_0162_en,english,10,18,1.8,0.26865671641791045,0.3,1.0,1.0,1.0,1.0
IB_0162_hi,hindi,14,21,1.5,0.3387096774193548,0.07142857142857142,1.0,1.0,1.0,1.0
IB_0162_hing,hinglish,9,16,1.7777777777777777,0.3076923076923077,0.4444444444444444,1.0,1.0,1.0,1.0
IB_0162_ta,tamil,9,18,2.0,0.24324324324324326,0.4444444444444444,1.0,1.0,1.0,1.0
IB_0167_en,english,13,18,1.3846153846153846,0.23684210526315788,0.23076923076923078,1.0,1.0,1.0,1.0
IB_0167_hi,hindi,14,18,1.2857142857142858,0.35294117647058826,0.14285714285714285,1.0,1.0,1.0,1.0
IB_0167_hing,hinglish,8,13,1.625,0.30952380952380953,0.5,1.0,1.0,1.0,1.0
IB_0167_ta,tamil,11,16,1.4545454545454546,0.23880597014925373,0.18181818181818182,1.0,1.0,1.0,1.0
IB_0169_en,english,10,15,1.5,0.26785714285714285,0.3,1.0,1.0,1.0,1.0
IB_0169_hi,hindi,16,20,1.25,0.3389830508474576,0.1875,1.0,1.0,1.0,1.0
IB_0169_hing,hinglish,11,17,1.5454545454545454,0.288135593220339,0.45454545454545453,1.0,1.0,1.0,1.0
IB_0169_ta,tamil,12,17,1.4166666666666667,0.2328767123287671,0.25,1.0,1.0,1.0,1.0
IB_0182_en,english,17,28,1.6470588235294117,0.30434782608695654,0.35294117647058826,0.0,1.0,1.0,0.5
IB_0182_hi,hindi,15,30,2.0,0.42857142857142855,0.4666666666666667,1.0,1.0,1.0,1.0
IB_0182_hing,hinglish,15,21,1.4,0.24705882352941178,0.26666666666666666,1.0,1.0,1.0,1.0
IB_0182_ta,tamil,12,23,1.9166666666666667,0.23469387755102042,0.3333333333333333,0.0,1.0,1.0,0.5
IB_0195_en,english,12,22,1.8333333333333333,0.2716049382716049,0.5,1.0,1.0,1.0,1.0
IB_0195_hi,hindi,14,20,1.4285714285714286,0.2777777777777778,0.21428571428571427,1.0,1.0,1.0,1.0
IB_0195_hing,hinglish,5,9,1.8,0.32142857142857145,0.6,0.0,1.0,1.0,0.5
IB_0195_ta,tamil,9,20,2.2222222222222223,0.2702702702702703,0.6666666666666666,0.0,1.0,1.0,0.5
IB_0199_en,english,12,23,1.9166666666666667,0.27710843373493976,0.5,1.0,1.0,1.0,1.0
IB_0199_hi,hindi,14,21,1.5,0.3387096774193548,0.2857142857142857,0.0,1.0,1.0,0.3333333333333333
IB_0199_hing,hinglish,11,19,1.7272727272727273,0.35185185185185186,0.5454545454545454,0.0,0.0,0.0,0.16666666666666666
IB_0199_ta,tamil,9,21,2.3333333333333335,0.2727272727272727,0.6666666666666666,0.0,1.0,1.0,0.5
IB_0200_en,english,11,19,1.7272727272727273,0.2878787878787879,0.36363636363636365,0.0,1.0,1.0,0.5
IB_0200_hi,hindi,14,20,1.4285714285714286,0.3508771929824561,0.2857142857142857,0.0,1.0,1.0,0.5
IB_0200_hing,hinglish,5,12,2.4,0.375,0.8,0.0,1.0,1.0,0.3333333333333333
IB_0200_ta,tamil,9,21,2.3333333333333335,0.28,0.6666666666666666,0.0,1.0,1.0,0.5
IB_0204_en,english,8,17,2.125,0.3148148148148148,0.375,1.0,1.0,1.0,1.0
IB_0204_hi,hindi,12,18,1.5,0.3673469387755102,0.16666666666666666,1.0,1.0,1.0,1.0
IB_0204_hing,hinglish,5,8,1.6,0.2962962962962963,0.2,1.0,1.0,1.0,1.0
IB_0204_ta,tamil,8,19,2.375,0.2923076923076923,0.625,0.0,0.0,1.0,0.2
IB_0208_en,english,9,17,1.8888888888888888,0.25757575757575757,0.5555555555555556,0.0,1.0,1.0,0.5
IB_0208_hi,hindi,13,18,1.3846153846153846,0.2647058823529412,0.3076923076923077,0.0,1.0,1.0,0.5
IB_0208_hing,hinglish,13,17,1.3076923076923077,0.21518987341772153,0.23076923076923078,0.0,1.0,1.0,0.5
IB_0208_ta,tamil,9,18,2.0,0.2903225806451613,0.5555555555555556,0.0,1.0,1.0,0.5
IB_0209_en,english,8,16,2.0,0.32653061224489793,0.625,0.0,1.0,1.0,0.5
IB_0209_hi,hindi,11,17,1.5454545454545454,0.3541666666666667,0.36363636363636365,1.0,1.0,1.0,1.0
IB_0209_hing,hinglish,11,18,1.6363636363636365,0.2647058823529412,0.45454545454545453,0.0,1.0,1.0,0.5
IB_0209_ta,tamil,10,18,1.8,0.3157894736842105,0.5,0.0,1.0,1.0,0.3333333333333333
IB_0211_en,english,9,17,1.8888888888888888,0.2786885245901639,0.5555555555555556,0.0,1.0,1.0,0.5
IB_0211_hi,hindi,12,19,1.5833333333333333,0.3877551020408163,0.3333333333333333,1.0,1.0,1.0,1.0
IB_0211_hing,hinglish,8,15,1.875,0.3125,0.75,0.0,0.0,0.0,0.09090909090909091
IB_0211_ta,tamil,10,17,1.7,0.25,0.4,0.0,1.0,1.0,0.5
IB_0212_en,english,11,17,1.5454545454545454,0.25757575757575757,0.2727272727272727,1.0,1.0,1.0,1.0
IB_0212_hi,hindi,13,20,1.5384615384615385,0.38461538461538464,0.3076923076923077,1.0,1.0,1.0,1.0
IB_0212_hing,hinglish,9,16,1.7777777777777777,0.3076923076923077,0.4444444444444444,1.0,1.0,1.0,1.0
IB_0212_ta,tamil,9,17,1.8888888888888888,0.288135593220339,0.2222222222222222,0.0,0.0,0.0,0.14285714285714285
IB_0219_en,english,18,27,1.5,0.2727272727272727,0.3888888888888889,0.0,1.0,1.0,0.3333333333333333
IB_0219_hi,hindi,20,34,1.7,0.35789473684210527,0.3,1.0,1.0,1.0,1.0
IB_0219_hing,hinglish,16,22,1.375,0.29333333333333333,0.375,1.0,1.0,1.0,1.0
IB_0219_ta,tamil,19,36,1.894736842105263,0.2706766917293233,0.47368421052631576,0.0,0.0,0.0,0.14285714285714285
IB_0220_en,english,18,29,1.6111111111111112,0.2761904761904762,0.3333333333333333,1.0,1.0,1.0,1.0
IB_0220_hi,hindi,22,36,1.6363636363636365,0.4,0.22727272727272727,1.0,1.0,1.0,1.0
IB_0220_hing,hinglish,18,26,1.4444444444444444,0.2736842105263158,0.3333333333333333,1.0,1.0,1.0,1.0
IB_0220_ta,tamil,18,35,1.9444444444444444,0.2536231884057971,0.4444444444444444,0.0,1.0,1.0,0.3333333333333333
IB_0222_en,english,16,23,1.4375,0.25274725274725274,0.25,0.0,0.0,1.0,0.25
IB_0222_hi,hindi,17,23,1.3529411764705883,0.2987012987012987,0.17647058823529413,0.0,1.0,1.0,0.5
IB_0222_hing,hinglish,13,17,1.3076923076923077,0.29310344827586204,0.23076923076923078,1.0,1.0,1.0,1.0
IB_0222_ta,tamil,15,25,1.6666666666666667,0.2403846153846154,0.26666666666666666,1.0,1.0,1.0,1.0
IB_0223_en,english,13,23,1.7692307692307692,0.3026315789473684,0.38461538461538464,0.0,1.0,1.0,0.5
IB_0223_hi,hindi,19,26,1.368421052631579,0.3132530120481928,0.15789473684210525,1.0,1.0,1.0,1.0
IB_0223_hing,hinglish,15,22,1.4666666666666666,0.2682926829268293,0.26666666666666666,1.0,1.0,1.0,1.0
IB_0223_ta,tamil,17,33,1.9411764705882353,0.2727272727272727,0.4117647058823529,1.0,1.0,1.0,1.0
IB_0224_en,english,12,22,1.8333333333333333,0.2682926829268293,0.4166666666666667,0.0,0.0,1.0,0.25
IB_0224_hi,hindi,17,23,1.3529411764705883,0.3108108108108108,0.17647058823529413,0.0,1.0,1.0,0.5
IB_0224_hing,hinglish,19,26,1.368421052631579,0.29545454545454547,0.3157894736842105,1.0,1.0,1.0,1.0
IB_0224_ta,tamil,15,27,1.8,0.26732673267326734,0.3333333333333333,0.0,1.0,1.0,0.5
IB_0226_en,english,15,23,1.5333333333333334,0.2839506172839506,0.26666666666666666,1.0,1.0,1.0,1.0
IB_0226_hi,hindi,18,24,1.3333333333333333,0.34782608695652173,0.1111111111111111,1.0,1.0,1.0,1.0
IB_0226_hing,hinglish,13,19,1.4615384615384615,0.30158730158730157,0.3076923076923077,1.0,1.0,1.0,1.0
IB_0226_ta,tamil,16,28,1.75,0.25925925925925924,0.375,0.0,0.0,0.0,0.08333333333333333
IB_0230_en,english,24,32,1.3333333333333333,0.23880597014925373,0.16666666666666666,0.3333333333333333,1.0,1.0,0.611111111111111
IB_0230_hi,hindi,25,33,1.32,0.3113207547169811,0.04,0.0,0.3333333333333333,0.6666666666666666,0.26282051282051283
IB_0230_hing,hinglish,19,26,1.368421052631579,0.27956989247311825,0.2631578947368421,0.3333333333333333,0.3333333333333333,0.6666666666666666,0.4158730158730159
IB_0230_ta,tamil,15,29,1.9333333333333333,0.2543859649122807,0.26666666666666666,0.3333333333333333,0.6666666666666666,0.6666666666666666,0.4640522875816993
IB_0232_en,english,23,33,1.434782608695652,0.25984251968503935,0.21739130434782608,0.3333333333333333,1.0,1.0,0.611111111111111
IB_0232_hi,hindi,19,28,1.4736842105263157,0.2978723404255319,0.10526315789473684,0.3333333333333333,0.3333333333333333,0.6666666666666666,0.4362745098039216
IB_0232_hing,hinglish,12,21,1.75,0.2876712328767123,0.4166666666666667,0.3333333333333333,0.6666666666666666,0.6666666666666666,0.5555555555555556
IB_0232_ta,tamil,16,28,1.75,0.23931623931623933,0.1875,0.3333333333333333,0.3333333333333333,0.3333333333333333,0.41452991452991456
IB_0233_en,english,13,17,1.3076923076923077,0.26153846153846155,0.15384615384615385,1.0,1.0,1.0,1.0
IB_0233_hi,hindi,13,17,1.3076923076923077,0.288135593220339,0.07692307692307693,1.0,1.0,1.0,1.0
IB_0233_hing,hinglish,12,17,1.4166666666666667,0.265625,0.3333333333333333,0.0,1.0,1.0,0.3333333333333333
IB_0233_ta,tamil,13,29,2.230769230769231,0.29591836734693877,0.38461538461538464,1.0,1.0,1.0,1.0
IB_0238_en,english,13,17,1.3076923076923077,0.29310344827586204,0.15384615384615385,1.0,1.0,1.0,1.0
IB_0238_hi,hindi,13,17,1.3076923076923077,0.3090909090909091,0.07692307692307693,1.0,1.0,1.0,1.0
IB_0238_hing,hinglish,10,16,1.6,0.32,0.5,1.0,1.0,1.0,1.0
IB_0238_ta,tamil,10,20,2.0,0.24390243902439024,0.3,0.0,1.0,1.0,0.3333333333333333
IB_0247_en,english,18,40,2.2222222222222223,0.3125,0.5,0.3333333333333333,0.6666666666666666,1.0,0.5277777777777778
IB_0247_hi,hindi,17,32,1.8823529411764706,0.34408602150537637,0.23529411764705882,0.3333333333333333,0.6666666666666666,0.6666666666666666,0.5476190476190476
IB_0247_hing,hinglish,11,28,2.5454545454545454,0.32941176470588235,0.6363636363636364,0.3333333333333333,0.6666666666666666,0.6666666666666666,0.5555555555555556
IB_0247_ta,tamil,14,38,2.7142857142857144,0.3114754098360656,0.42857142857142855,0.3333333333333333,0.3333333333333333,0.3333333333333333,0.41798941798941797
IB_0249_en,english,8,13,1.625,0.29545454545454547,0.25,0.0,1.0,1.0,0.3333333333333333
IB_0249_hi,hindi,10,15,1.5,0.32608695652173914,0.2,1.0,1.0,1.0,1.0
IB_0249_hing,hinglish,10,17,1.7,0.2833333333333333,0.2,1.0,1.0,1.0,1.0
IB_0249_ta,tamil,10,18,1.8,0.23684210526315788,0.4,0.0,0.0,0.0,0.14285714285714285
IB_0250_en,english,8,15,1.875,0.32608695652173914,0.375,0.0,1.0,1.0,0.3333333333333333
IB_0250_hi,hindi,10,15,1.5,0.3125,0.2,1.0,1.0,1.0,1.0
IB_0250_hing,hinglish,7,12,1.7142857142857142,0.2727272727272727,0.42857142857142855,1.0,1.0,1.0,1.0
IB_0250_ta,tamil,10,18,1.8,0.27692307692307694,0.5,0.0,1.0,1.0,0.3333333333333333
IB_0251_en,english,11,15,1.3636363636363635,0.26785714285714285,0.2727272727272727,0.0,1.0,1.0,0.3333333333333333
IB_0251_hi,hindi,8,14,1.75,0.3783783783783784,0.375,1.0,1.0,1.0,1.0
IB_0251_hing,hinglish,7,11,1.5714285714285714,0.2619047619047619,0.42857142857142855,0.0,1.0,1.0,0.3333333333333333
IB_0251_ta,tamil,7,14,2.0,0.35,0.5714285714285714,0.0,1.0,1.0,0.3333333333333333
IB_0252_en,english,6,11,1.8333333333333333,0.3333333333333333,0.5,1.0,1.0,1.0,1.0
IB_0252_hi,hindi,8,12,1.5,0.3157894736842105,0.25,1.0,1.0,1.0,1.0
IB_0252_hing,hinglish,5,10,2.0,0.30303030303030304,0.6,1.0,1.0,1.0,1.0
IB_0252_ta,tamil,7,14,2.0,0.34146341463414637,0.5714285714285714,0.0,1.0,1.0,0.3333333333333333
IB_0253_en,english,6,12,2.0,0.3333333333333333,0.3333333333333333,0.0,1.0,1.0,0.5
IB_0253_hi,hindi,8,12,1.5,0.3157894736842105,0.25,1.0,1.0,1.0,1.0
IB_0253_hing,hinglish,5,10,2.0,0.2857142857142857,0.4,1.0,1.0,1.0,1.0
IB_0253_ta,tamil,7,15,2.142857142857143,0.2830188679245283,0.42857142857142855,0.0,1.0,1.0,0.3333333333333333
IB_0258_en,english,16,26,1.625,0.24761904761904763,0.25,1.0,1.0,1.0,1.0
IB_0258_hi,hindi,16,25,1.5625,0.35714285714285715,0.25,0.0,0.0,1.0,0.25
IB_0258_hing,hinglish,13,23,1.7692307692307692,0.27710843373493976,0.3076923076923077,0.0,1.0,1.0,0.3333333333333333
IB_0258_ta,tamil,14,30,2.142857142857143,0.2912621359223301,0.42857142857142855,0.0,0.0,0.0,0.125
IB_0260_en,english,16,24,1.5,0.25,0.375,0.0,1.0,1.0,0.3333333333333333
IB_0260_hi,hindi,20,38,1.9,0.40860215053763443,0.4,0.0,0.0,1.0,0.25
IB_0260_hing,hinglish,15,24,1.6,0.2553191489361702,0.4,0.0,1.0,1.0,0.3333333333333333
IB_0260_ta,tamil,18,33,1.8333333333333333,0.2727272727272727,0.5,0.0,0.0,0.0,0.125
IB_0262_en,english,6,11,1.8333333333333333,0.3142857142857143,0.3333333333333333,1.0,1.0,1.0,1.0
IB_0262_hi,hindi,9,15,1.6666666666666667,0.3488372093023256,0.2222222222222222,1.0,1.0,1.0,1.0
IB_0262_hing,hinglish,11,15,1.3636363636363635,0.23809523809523808,0.18181818181818182,0.0,1.0,1.0,0.5
IB_0262_ta,tamil,7,14,2.0,0.3111111111111111,0.5714285714285714,0.0,1.0,1.0,0.3333333333333333
IB_0266_en,english,13,21,1.6153846153846154,0.2916666666666667,0.38461538461538464,1.0,1.0,1.0,1.0
IB_0266_hi,hindi,10,19,1.9,0.37254901960784315,0.6,1.0,1.0,1.0,1.0
IB_0266_hing,hinglish,8,13,1.625,0.28888888888888886,0.5,1.0,1.0,1.0,1.0
IB_0266_ta,tamil,12,25,2.0833333333333335,0.30120481927710846,0.5,0.0,0.0,1.0,0.25
IB_0275_en,english,8,11,1.375,0.2619047619047619,0.125,,,,
IB_0275_hi,hindi,9,14,1.5555555555555556,0.3684210526315789,0.2222222222222222,,,,
IB_0275_hing,hinglish,6,9,1.5,0.2571428571428571,0.16666666666666666,,,,
IB_0275_ta,tamil,8,16,2.0,0.25396825396825395,0.5,,,,
IB_0281_en,english,7,10,1.4285714285714286,0.2564102564102564,0.2857142857142857,,,,
IB_0281_hi,hindi,7,11,1.5714285714285714,0.4074074074074074,0.2857142857142857,,,,
IB_0281_hing,hinglish,7,11,1.5714285714285714,0.3333333333333333,0.42857142857142855,,,,
IB_0281_ta,tamil,5,9,1.8,0.25,0.6,,,,
IB_0285_en,english,14,22,1.5714285714285714,0.26506024096385544,0.21428571428571427,1.0,1.0,1.0,1.0
IB_0285_hi,hindi,17,27,1.588235294117647,0.375,0.17647058823529413,1.0,1.0,1.0,1.0
IB_0285_hing,hinglish,12,21,1.75,0.31343283582089554,0.3333333333333333,1.0,1.0,1.0,1.0
IB_0285_ta,tamil,13,29,2.230769230769231,0.3372093023255814,0.6153846153846154,1.0,1.0,1.0,1.0
IB_0286_en,english,11,19,1.7272727272727273,0.25675675675675674,0.18181818181818182,1.0,1.0,1.0,1.0
IB_0286_hi,hindi,13,18,1.3846153846153846,0.2857142857142857,0.07692307692307693,1.0,1.0,1.0,1.0
IB_0286_hing,hinglish,10,12,1.2,0.22641509433962265,0.1,1.0,1.0,1.0,1.0
IB_0286_ta,tamil,12,22,1.8333333333333333,0.25,0.5833333333333334,1.0,1.0,1.0,1.0
IB_0287_en,english,10,17,1.7,0.265625,0.3,1.0,1.0,1.0,1.0
IB_0287_hi,hindi,12,17,1.4166666666666667,0.32075471698113206,0.16666666666666666,1.0,1.0,1.0,1.0
IB_0287_hing,hinglish,8,11,1.375,0.25,0.25,1.0,1.0,1.0,1.0
IB_0287_ta,tamil,11,25,2.272727272727273,0.2840909090909091,0.6363636363636364,1.0,1.0,1.0,1.0
IB_0294_en,english,16,22,1.375,0.26506024096385544,0.25,1.0,1.0,1.0,1.0
IB_0294_hi,hindi,17,24,1.411764705882353,0.3287671232876712,0.17647058823529413,1.0,1.0,1.0,1.0
IB_0294_hing,hinglish,13,21,1.6153846153846154,0.3,0.3076923076923077,1.0,1.0,1.0,1.0
IB_0294_ta,tamil,15,26,1.7333333333333334,0.23214285714285715,0.3333333333333333,1.0,1.0,1.0,1.0
IB_0299_en,english,15,23,1.5333333333333334,0.26136363636363635,0.2,1.0,1.0,1.0,1.0
IB_0299_hi,hindi,16,24,1.5,0.34782608695652173,0.3125,1.0,1.0,1.0,1.0
IB_0299_hing,hinglish,13,22,1.6923076923076923,0.29333333333333333,0.38461538461538464,0.0,0.0,0.0,0.16666666666666666
IB_0299_ta,tamil,14,25,1.7857142857142858,0.24509803921568626,0.42857142857142855,1.0,1.0,1.0,1.0
IB_0300_en,english,15,23,1.5333333333333334,0.2911392405063291,0.26666666666666666,1.0,1.0,1.0,1.0
IB_0300_hi,hindi,15,23,1.5333333333333334,0.35384615384615387,0.26666666666666666,1.0,1.0,1.0,1.0
IB_0300_hing,hinglish,14,21,1.5,0.2916666666666667,0.2857142857142857,1.0,1.0,1.0,1.0
IB_0300_ta,tamil,12,29,2.4166666666666665,0.3411764705882353,0.4166666666666667,1.0,1.0,1.0,1.0
IB_0305_en,english,17,29,1.7058823529411764,0.27884615384615385,0.29411764705882354,1.0,1.0,1.0,1.0
IB_0305_hi,hindi,18,30,1.6666666666666667,0.35294117647058826,0.3333333333333333,1.0,1.0,1.0,1.0
IB_0305_hing,hinglish,16,29,1.8125,0.3020833333333333,0.3125,1.0,1.0,1.0,1.0
IB_0305_ta,tamil,16,33,2.0625,0.24812030075187969,0.375,1.0,1.0,1.0,1.0
IB_0306_en,english,11,18,1.6363636363636365,0.2857142857142857,0.18181818181818182,1.0,1.0,1.0,1.0
IB_0306_hi,hindi,13,23,1.7692307692307692,0.41818181818181815,0.38461538461538464,1.0,1.0,1.0,1.0
IB_0306_hing,hinglish,12,19,1.5833333333333333,0.2602739726027397,0.3333333333333333,1.0,1.0,1.0,1.0
IB_0306_ta,tamil,13,24,1.8461538461538463,0.25,0.3076923076923077,1.0,1.0,1.0,1.0
IB_0310_en,english,14,20,1.4285714285714286,0.2857142857142857,0.35714285714285715,1.0,1.0,1.0,1.0
IB_0310_hi,hindi,13,20,1.5384615384615385,0.4,0.38461538461538464,1.0,1.0,1.0,1.0
IB_0310_hing,hinglish,15,21,1.4,0.26582278481012656,0.3333333333333333,0.0,1.0,1.0,0.5
IB_0310_ta,tamil,13,21,1.6153846153846154,0.25,0.3076923076923077,1.0,1.0,1.0,1.0
IB_0312_en,english,20,32,1.6,0.29357798165137616,0.3,1.0,1.0,1.0,1.0
IB_0312_hi,hindi,23,34,1.4782608695652173,0.34,0.2608695652173913,1.0,1.0,1.0,1.0
IB_0312_hing,hinglish,14,25,1.7857142857142858,0.3048780487804878,0.42857142857142855,1.0,1.0,1.0,1.0
IB_0312_ta,tamil,20,39,1.95,0.2671232876712329,0.55,1.0,1.0,1.0,1.0
IB_0316_en,english,14,20,1.4285714285714286,0.273972602739726,0.2857142857142857,1.0,1.0,1.0,1.0
IB_0316_hi,hindi,13,20,1.5384615384615385,0.3333333333333333,0.23076923076923078,1.0,1.0,1.0,1.0
IB_0316_hing,hinglish,14,19,1.3571428571428572,0.2638888888888889,0.21428571428571427,1.0,1.0,1.0,1.0
IB_0316_ta,tamil,12,23,1.9166666666666667,0.26744186046511625,0.5,1.0,1.0,1.0,1.0
IB_0321_en,english,13,18,1.3846153846153846,0.2903225806451613,0.23076923076923078,1.0,1.0,1.0,1.0
IB_0321_hi,hindi,11,20,1.8181818181818181,0.4166666666666667,0.2727272727272727,1.0,1.0,1.0,1.0
IB_0321_hing,hinglish,10,17,1.7,0.34,0.5,0.0,1.0,1.0,0.5
IB_0321_ta,tamil,11,22,2.0,0.2682926829268293,0.36363636363636365,1.0,1.0,1.0,1.0
IB_0324_en,english,12,20,1.6666666666666667,0.3333333333333333,0.4166666666666667,1.0,1.0,1.0,1.0
IB_0324_hi,hindi,14,21,1.5,0.328125,0.21428571428571427,1.0,1.0,1.0,1.0
IB_0324_hing,hinglish,12,19,1.5833333333333333,0.3114754098360656,0.5,1.0,1.0,1.0,1.0
IB_0324_ta,tamil,13,23,1.7692307692307692,0.25274725274725274,0.46153846153846156,1.0,1.0,1.0,1.0
IB_0325_en,english,12,18,1.5,0.29508196721311475,0.3333333333333333,1.0,1.0,1.0,1.0
IB_0325_hi,hindi,15,20,1.3333333333333333,0.3125,0.13333333333333333,1.0,1.0,1.0,1.0
IB_0325_hing,hinglish,14,21,1.5,0.2916666666666667,0.35714285714285715,1.0,1.0,1.0,1.0
IB_0325_ta,tamil,13,24,1.8461538461538463,0.2222222222222222,0.38461538461538464,0.0,1.0,1.0,0.5
IB_0330_en,english,18,26,1.4444444444444444,0.2826086956521739,0.2777777777777778,1.0,1.0,1.0,1.0
IB_0330_hi,hindi,16,25,1.5625,0.30120481927710846,0.3125,1.0,1.0,1.0,1.0
IB_0330_hing,hinglish,12,22,1.8333333333333333,0.30985915492957744,0.5833333333333334,1.0,1.0,1.0,1.0
IB_0330_ta,tamil,16,27,1.6875,0.23076923076923078,0.4375,1.0,1.0,1.0,1.0
IB_0339_en,english,22,35,1.5909090909090908,0.28225806451612906,0.2727272727272727,1.0,1.0,1.0,1.0
IB_0339_hi,hindi,21,34,1.619047619047619,0.34,0.3333333333333333,1.0,1.0,1.0,1.0
IB_0339_hing,hinglish,15,31,2.066666666666667,0.3163265306122449,0.4666666666666667,1.0,1.0,1.0,1.0
IB_0339_ta,tamil,19,42,2.210526315789474,0.2978723404255319,0.5789473684210527,1.0,1.0,1.0,1.0
IB_0342_en,english,20,29,1.45,0.27884615384615385,0.25,0.5,1.0,1.0,0.75
IB_0342_hi,hindi,13,23,1.7692307692307692,0.32857142857142857,0.38461538461538464,0.5,0.5,1.0,0.6
IB_0342_hing,hinglish,9,20,2.2222222222222223,0.39215686274509803,0.6666666666666666,0.0,0.0,0.0,0.1388888888888889
IB_0342_ta,tamil,12,25,2.0833333333333335,0.2604166666666667,0.4166666666666667,0.0,0.5,0.5,0.28125
IB_0344_en,english,15,27,1.8,0.2621359223300971,0.3333333333333333,0.5,1.0,1.0,0.75
IB_0344_hi,hindi,15,24,1.6,0.27906976744186046,0.2,0.5,1.0,1.0,0.6666666666666666
IB_0344_hing,hinglish,10,20,2.0,0.31746031746031744,0.6,0.0,0.0,0.0,0.11666666666666667
IB_0344_ta,tamil,15,32,2.1333333333333333,0.29906542056074764,0.5333333333333333,0.5,0.5,0.5,0.5833333333333334
IB_0347_en,english,17,28,1.6470588235294117,0.35443037974683544,0.29411764705882354,0.0,0.0,0.5,0.19642857142857142
IB_0347_hi,hindi,15,27,1.8,0.36486486486486486,0.26666666666666666,0.5,0.5,1.0,0.625
IB_0347_hing,hinglish,20,33,1.65,0.358695652173913,0.45,0.0,0.5,0.5,0.2857142857142857
IB_0347_ta,tamil,14,30,2.142857142857143,0.28846153846153844,0.42857142857142855,0.0,0.5,0.5,0.2857142857142857
IB_0354_en,english,24,38,1.5833333333333333,0.3140495867768595,0.2916666666666667,0.3333333333333333,0.6666666666666666,1.0,0.5277777777777778
IB_0354_hi,hindi,19,24,1.263157894736842,0.3116883116883117,0.10526315789473684,0.0,0.6666666666666666,0.6666666666666666,0.3034188034188034
IB_0354_hing,hinglish,16,25,1.5625,0.30864197530864196,0.375,0.3333333333333333,0.3333333333333333,0.3333333333333333,0.40178571428571425
IB_0354_ta,tamil,16,33,2.0625,0.3235294117647059,0.4375,0.3333333333333333,0.6666666666666666,0.6666666666666666,0.5370370370370371
IB_0356_en,english,24,40,1.6666666666666667,0.3252032520325203,0.3333333333333333,0.3333333333333333,0.6666666666666666,1.0,0.5277777777777778
IB_0356_hi,hindi,29,37,1.2758620689655173,0.3135593220338983,0.10344827586206896,0.0,0.6666666666666666,1.0,0.3611111111111111
IB_0356_hing,hinglish,23,34,1.4782608695652173,0.3148148148148148,0.34782608695652173,0.3333333333333333,0.6666666666666666,1.0,0.5277777777777778
IB_0356_ta,tamil,19,39,2.0526315789473686,0.2746478873239437,0.3684210526315789,0.0,0.6666666666666666,0.6666666666666666,0.3333333333333333
IB_0359_en,english,13,21,1.6153846153846154,0.29577464788732394,0.3076923076923077,1.0,1.0,1.0,1.0
IB_0359_hi,hindi,13,16,1.2307692307692308,0.3018867924528302,0.0,1.0,1.0,1.0,1.0
IB_0359_hing,hinglish,11,15,1.3636363636363635,0.24193548387096775,0.2727272727272727,0.0,0.0,0.0,0.09090909090909091
IB_0359_ta,tamil,11,21,1.9090909090909092,0.22580645161290322,0.18181818181818182,1.0,1.0,1.0,1.0
IB_0360_en,english,16,20,1.25,0.24390243902439024,0.125,1.0,1.0,1.0,1.0
IB_0360_hi,hindi,14,17,1.2142857142857142,0.30357142857142855,0.0,1.0,1.0,1.0,1.0
IB_0360_hing,hinglish,11,15,1.3636363636363635,0.3191489361702128,0.18181818181818182,1.0,1.0,1.0,1.0
IB_0360_ta,tamil,12,23,1.9166666666666667,0.22549019607843138,0.3333333333333333,1.0,1.0,1.0,1.0
IB_0371_en,english,14,24,1.7142857142857142,0.27906976744186046,0.35714285714285715,0.5,1.0,1.0,0.75
IB_0371_hi,hindi,13,25,1.9230769230769231,0.3333333333333333,0.23076923076923078,0.5,1.0,1.0,0.75
IB_0371_hing,hinglish,21,33,1.5714285714285714,0.32038834951456313,0.42857142857142855,0.5,1.0,1.0,0.75
IB_0371_ta,tamil,12,30,2.5,0.3333333333333333,0.3333333333333333,0.5,0.5,1.0,0.625
IB_0004_en,english,15,25,1.6666666666666667,0.30120481927710846,0.3333333333333333,1.0,1.0,1.0,1.0
IB_0004_hi,hindi,10,17,1.7,0.29310344827586204,0.3,0.0,1.0,1.0,0.3333333333333333
IB_0004_hing,hinglish,12,20,1.6666666666666667,0.3125,0.4166666666666667,1.0,1.0,1.0,1.0
IB_0004_ta,tamil,9,18,2.0,0.28125,0.2222222222222222,0.0,1.0,1.0,0.5
IB_0011_en,english,14,20,1.4285714285714286,0.2777777777777778,0.35714285714285715,1.0,1.0,1.0,1.0
IB_0011_hi,hindi,13,24,1.8461538461538463,0.3,0.23076923076923078,1.0,1.0,1.0,1.0
IB_0011_hing,hinglish,10,20,2.0,0.3076923076923077,0.5,1.0,1.0,1.0,1.0
IB_0011_ta,tamil,12,35,2.9166666666666665,0.3645833333333333,0.75,1.0,1.0,1.0,1.0
IB_0015_en,english,13,22,1.6923076923076923,0.2558139534883721,0.3076923076923077,1.0,1.0,1.0,1.0
IB_0015_hi,hindi,12,25,2.0833333333333335,0.36231884057971014,0.3333333333333333,1.0,1.0,1.0,1.0
IB_0015_hing,hinglish,14,21,1.5,0.28,0.42857142857142855,1.0,1.0,1.0,1.0
IB_0015_ta,tamil,11,27,2.4545454545454546,0.3333333333333333,0.7272727272727273,1.0,1.0,1.0,1.0
IB_0022_en,english,13,21,1.6153846153846154,0.2441860465116279,0.23076923076923078,1.0,1.0,1.0,1.0
IB_0022_hi,hindi,12,25,2.0833333333333335,0.3472222222222222,0.3333333333333333,1.0,1.0,1.0,1.0
IB_0022_hing,hinglish,9,19,2.111111111111111,0.31666666666666665,0.4444444444444444,1.0,1.0,1.0,1.0
IB_0022_ta,tamil,13,26,2.0,0.27956989247311825,0.38461538461538464,1.0,1.0,1.0,1.0
IB_0036_en,english,8,18,2.25,0.32142857142857145,0.625,1.0,1.0,1.0,1.0
IB_0036_hi,hindi,12,19,1.5833333333333333,0.296875,0.08333333333333333,1.0,1.0,1.0,1.0
IB_0036_hing,hinglish,8,14,1.75,0.3333333333333333,0.5,1.0,1.0,1.0,1.0
IB_0036_ta,tamil,9,23,2.5555555555555554,0.2911392405063291,0.6666666666666666,1.0,1.0,1.0,1.0
IB_0045_en,english,13,20,1.5384615384615385,0.24691358024691357,0.23076923076923078,0.0,0.0,1.0,0.25
IB_0045_hi,hindi,13,21,1.6153846153846154,0.35,0.07692307692307693,1.0,1.0,1.0,1.0
IB_0045_hing,hinglish,9,13,1.4444444444444444,0.23214285714285715,0.3333333333333333,0.0,0.0,1.0,0.25
IB_0045_ta,tamil,10,17,1.7,0.20238095238095238,0.2,1.0,1.0,1.0,1.0
IB_0056_en,english,13,18,1.3846153846153846,0.32142857142857145,0.3076923076923077,1.0,1.0,1.0,1.0
IB_0056_hi,hindi,13,23,1.7692307692307692,0.3333333333333333,0.46153846153846156,1.0,1.0,1.0,1.0
IB_0056_hing,hinglish,13,18,1.3846153846153846,0.32727272727272727,0.3076923076923077,1.0,1.0,1.0,1.0
IB_0056_ta,tamil,10,19,1.9,0.20430107526881722,0.6,1.0,1.0,1.0,1.0
IB_0057_en,english,13,19,1.4615384615384615,0.3333333333333333,0.3076923076923077,1.0,1.0,1.0,1.0
IB_0057_hi,hindi,13,21,1.6153846153846154,0.31343283582089554,0.38461538461538464,1.0,1.0,1.0,1.0
IB_0057_hing,hinglish,13,18,1.3846153846153846,0.3333333333333333,0.3076923076923077,1.0,1.0,1.0,1.0
IB_0057_ta,tamil,10,21,2.1,0.22105263157894736,0.7,1.0,1.0,1.0,1.0
IB_0071_en,english,18,23,1.2777777777777777,0.23711340206185566,0.16666666666666666,1.0,1.0,1.0,1.0
IB_0071_hi,hindi,14,18,1.2857142857142858,0.29508196721311475,0.14285714285714285,1.0,1.0,1.0,1.0
IB_0071_hing,hinglish,10,16,1.6,0.2909090909090909,0.3,0.0,1.0,1.0,0.5
IB_0071_ta,tamil,13,22,1.6923076923076923,0.25287356321839083,0.46153846153846156,1.0,1.0,1.0,1.0
IB_0077_en,english,14,28,2.0,0.2916666666666667,0.42857142857142855,1.0,1.0,1.0,1.0
IB_0077_hi,hindi,17,30,1.7647058823529411,0.35714285714285715,0.17647058823529413,1.0,1.0,1.0,1.0
IB_0077_hing,hinglish,6,12,2.0,0.2926829268292683,0.8333333333333334,1.0,1.0,1.0,1.0
IB_0077_ta,tamil,13,36,2.769230769230769,0.2727272727272727,0.46153846153846156,1.0,1.0,1.0,1.0
IB_0079_en,english,14,31,2.2142857142857144,0.34065934065934067,0.5,1.0,1.0,1.0,1.0
IB_0079_hi,hindi,17,31,1.8235294117647058,0.36904761904761907,0.17647058823529413,1.0,1.0,1.0,1.0
IB_0079_hing,hinglish,7,15,2.142857142857143,0.3333333333333333,0.7142857142857143,1.0,1.0,1.0,1.0
IB_0079_ta,tamil,13,23,1.7692307692307692,0.2804878048780488,0.3076923076923077,0.0,1.0,1.0,0.3333333333333333
IB_0080_en,english,13,36,2.769230769230769,0.391304347826087,0.6923076923076923,1.0,1.0,1.0,1.0
IB_0080_hi,hindi,16,29,1.8125,0.3717948717948718,0.25,1.0,1.0,1.0,1.0
IB_0080_hing,hinglish,6,15,2.5,0.3333333333333333,0.8333333333333334,1.0,1.0,1.0,1.0
IB_0080_ta,tamil,12,35,2.9166666666666665,0.2734375,0.5,1.0,1.0,1.0,1.0
IB_0090_en,english,14,26,1.8571428571428572,0.28888888888888886,0.42857142857142855,1.0,1.0,1.0,1.0
IB_0090_hi,hindi,15,25,1.6666666666666667,0.3246753246753247,0.26666666666666666,1.0,1.0,1.0,1.0
IB_0090_hing,hinglish,8,18,2.25,0.29508196721311475,0.5,1.0,1.0,1.0,1.0
IB_0090_ta,tamil,17,30,1.7647058823529411,0.2702702702702703,0.35294117647058826,1.0,1.0,1.0,1.0
IB_0101_en,english,15,21,1.4,0.2727272727272727,0.3333333333333333,1.0,1.0,1.0,1.0
IB_0101_hi,hindi,12,23,1.9166666666666667,0.4107142857142857,0.4166666666666667,0.0,1.0,1.0,0.3333333333333333
IB_0101_hing,hinglish,12,18,1.5,0.2903225806451613,0.4166666666666667,0.0,1.0,1.0,0.3333333333333333
IB_0101_ta,tamil,11,21,1.9090909090909092,0.2413793103448276,0.2727272727272727,1.0,1.0,1.0,1.0
IB_0102_en,english,12,21,1.75,0.2692307692307692,0.4166666666666667,1.0,1.0,1.0,1.0
IB_0102_hi,hindi,15,23,1.5333333333333334,0.2987012987012987,0.26666666666666666,0.0,1.0,1.0,0.3333333333333333
IB_0102_hing,hinglish,11,19,1.7272727272727273,0.296875,0.5454545454545454,0.0,0.0,0.0,0.05
IB_0102_ta,tamil,10,20,2.0,0.25,0.5,1.0,1.0,1.0,1.0
IB_0107_en,english,19,26,1.368421052631579,0.27956989247311825,0.2631578947368421,1.0,1.0,1.0,1.0
IB_0107_hi,hindi,18,26,1.4444444444444444,0.3132530120481928,0.2777777777777778,0.0,1.0,1.0,0.3333333333333333
IB_0107_hing,hinglish,13,21,1.6153846153846154,0.2876712328767123,0.3076923076923077,0.0,1.0,1.0,0.3333333333333333
IB_0107_ta,tamil,15,27,1.8,0.25,0.5333333333333333,1.0,1.0,1.0,1.0
IB_0116_en,english,10,17,1.7,0.29310344827586204,0.4,1.0,1.0,1.0,1.0
IB_0116_hi,hindi,10,15,1.5,0.3333333333333333,0.3,1.0,1.0,1.0,1.0
IB_0116_hing,hinglish,8,14,1.75,0.28,0.5,1.0,1.0,1.0,1.0
IB_0116_ta,tamil,8,15,1.875,0.234375,0.375,1.0,1.0,1.0,1.0
IB_0121_en,english,21,27,1.2857142857142858,0.23478260869565218,0.23809523809523808,0.5,0.5,0.5,0.5833333333333334
IB_0121_hi,hindi,15,28,1.8666666666666667,0.345679012345679,0.3333333333333333,0.5,0.5,0.5,0.5416666666666666
IB_0121_hing,hinglish,24,38,1.5833333333333333,0.3114754098360656,0.4583333333333333,0.5,1.0,1.0,0.75
IB_0121_ta,tamil,13,31,2.3846153846153846,0.25203252032520324,0.5384615384615384,0.5,0.5,1.0,0.6
IB_0122_en,english,17,30,1.7647058823529411,0.2727272727272727,0.4117647058823529,0.0,1.0,1.0,0.41666666666666663
IB_0122_hi,hindi,18,29,1.6111111111111112,0.3333333333333333,0.16666666666666666,0.0,1.0,1.0,0.41666666666666663
IB_0122_hing,hinglish,12,21,1.75,0.2727272727272727,0.3333333333333333,0.5,0.5,0.5,0.5625
IB_0122_ta,tamil,14,32,2.2857142857142856,0.24427480916030533,0.5,0.5,0.5,1.0,0.6
IB_0126_en,english,20,32,1.6,0.2644628099173554,0.35,0.0,0.5,1.0,0.375
IB_0126_hi,hindi,16,29,1.8125,0.3411764705882353,0.3125,0.0,0.5,0.5,0.19791666666666666
IB_0126_hing,hinglish,13,19,1.4615384615384615,0.2835820895522388,0.38461538461538464,0.0,0.5,1.0,0.375
IB_0126_ta,tamil,13,34,2.6153846153846154,0.3119266055045872,0.46153846153846156,0.5,1.0,1.0,0.75
IB_0142_en,english,9,18,2.0,0.42857142857142855,0.3333333333333333,1.0,1.0,1.0,1.0
IB_0142_hi,hindi,12,20,1.6666666666666667,0.38461538461538464,0.16666666666666666,1.0,1.0,1.0,1.0
IB_0142_hing,hinglish,11,17,1.5454545454545454,0.34,0.2727272727272727,1.0,1.0,1.0,1.0
IB_0142_ta,tamil,9,21,2.3333333333333335,0.2727272727272727,0.5555555555555556,1.0,1.0,1.0,1.0
IB_0146_en,english,9,12,1.3333333333333333,0.22641509433962265,0.1111111111111111,1.0,1.0,1.0,1.0
IB_0146_hi,hindi,8,11,1.375,0.3055555555555556,0.0,1.0,1.0,1.0,1.0
IB_0146_hing,hinglish,7,9,1.2857142857142858,0.23684210526315788,0.2857142857142857,1.0,1.0,1.0,1.0
IB_0146_ta,tamil,8,15,1.875,0.21428571428571427,0.25,1.0,1.0,1.0,1.0
IB_0148_en,english,9,12,1.3333333333333333,0.24489795918367346,0.1111111111111111,1.0,1.0,1.0,1.0
IB_0148_hi,hindi,8,11,1.375,0.28205128205128205,0.0,1.0,1.0,1.0,1.0
IB_0148_hing,hinglish,7,10,1.4285714285714286,0.2857142857142857,0.2857142857142857,1.0,1.0,1.0,1.0
IB_0148_ta,tamil,8,15,1.875,0.20833333333333334,0.375,1.0,1.0,1.0,1.0
IB_0156_en,english,10,18,1.8,0.26865671641791045,0.3,1.0,1.0,1.0,1.0
IB_0156_hi,hindi,12,20,1.6666666666666667,0.3448275862068966,0.08333333333333333,1.0,1.0,1.0,1.0
IB_0156_hing,hinglish,10,16,1.6,0.2807017543859649,0.3,1.0,1.0,1.0,1.0
IB_0156_ta,tamil,8,17,2.125,0.25,0.375,0.0,1.0,1.0,0.3333333333333333
IB_0165_en,english,13,26,2.0,0.3333333333333333,0.38461538461538464,1.0,1.0,1.0,1.0
IB_0165_hi,hindi,14,17,1.2142857142857142,0.27419354838709675,0.0,1.0,1.0,1.0,1.0
IB_0165_hing,hinglish,10,17,1.7,0.29310344827586204,0.5,1.0,1.0,1.0,1.0
IB_0165_ta,tamil,13,22,1.6923076923076923,0.25882352941176473,0.38461538461538464,1.0,1.0,1.0,1.0
IB_0170_en,english,11,16,1.4545454545454546,0.2962962962962963,0.36363636363636365,1.0,1.0,1.0,1.0
IB_0170_hi,hindi,15,19,1.2666666666666666,0.3114754098360656,0.2,1.0,1.0,1.0,1.0
IB_0170_hing,hinglish,11,14,1.2727272727272727,0.25925925925925924,0.2727272727272727,1.0,1.0,1.0,1.0
IB_0170_ta,tamil,11,19,1.7272727272727273,0.3064516129032258,0.45454545454545453,1.0,1.0,1.0,1.0
IB_0180_en,english,10,15,1.5,0.234375,0.3,0.0,1.0,1.0,0.5
IB_0180_hi,hindi,13,18,1.3846153846153846,0.2903225806451613,0.23076923076923078,1.0,1.0,1.0,1.0
IB_0180_hing,hinglish,9,15,1.6666666666666667,0.2459016393442623,0.4444444444444444,1.0,1.0,1.0,1.0
IB_0180_ta,tamil,11,19,1.7272727272727273,0.25675675675675674,0.45454545454545453,1.0,1.0,1.0,1.0
IB_0181_en,english,16,21,1.3125,0.2441860465116279,0.1875,0.0,1.0,1.0,0.5
IB_0181_hi,hindi,11,16,1.4545454545454546,0.25396825396825395,0.36363636363636365,1.0,1.0,1.0,1.0
IB_0181_hing,hinglish,11,15,1.3636363636363635,0.22727272727272727,0.2727272727272727,0.0,0.0,1.0,0.25
IB_0181_ta,tamil,9,15,1.6666666666666667,0.22388059701492538,0.4444444444444444,1.0,1.0,1.0,1.0
IB_0194_en,english,11,18,1.6363636363636365,0.2647058823529412,0.2727272727272727,1.0,1.0,1.0,1.0
IB_0194_hi,hindi,14,18,1.2857142857142858,0.3103448275862069,0.21428571428571427,1.0,1.0,1.0,1.0
IB_0194_hing,hinglish,5,9,1.8,0.32142857142857145,0.8,0.0,1.0,1.0,0.5
IB_0194_ta,tamil,9,20,2.2222222222222223,0.2702702702702703,0.5555555555555556,0.0,1.0,1.0,0.5
IB_0207_en,english,17,23,1.3529411764705883,0.22772277227722773,0.17647058823529413,0.0,1.0,1.0,0.5
IB_0207_hi,hindi,14,20,1.4285714285714286,0.2857142857142857,0.21428571428571427,0.0,1.0,1.0,0.5
IB_0207_hing,hinglish,11,21,1.9090909090909092,0.2916666666666667,0.5454545454545454,0.0,1.0,1.0,0.5
IB_0207_ta,tamil,11,21,1.9090909090909092,0.2916666666666667,0.5454545454545454,0.0,1.0,1.0,0.5
IB_0239_en,english,13,19,1.4615384615384615,0.2753623188405797,0.15384615384615385,0.0,1.0,1.0,0.5
IB_0239_hi,hindi,16,22,1.375,0.3055555555555556,0.0,1.0,1.0,1.0,1.0
IB_0239_hing,hinglish,10,19,1.9,0.3275862068965517,0.6,0.0,1.0,1.0,0.3333333333333333
IB_0239_ta,tamil,11,22,2.0,0.25,0.36363636363636365,1.0,1.0,1.0,1.0
IB_0243_en,english,34,54,1.588235294117647,0.2983425414364641,0.23529411764705882,0.3333333333333333,1.0,1.0,0.611111111111111
IB_0243_hi,hindi,17,31,1.8235294117647058,0.3333333333333333,0.23529411764705882,0.3333333333333333,1.0,1.0,0.611111111111111
IB_0243_hing,hinglish,11,28,2.5454545454545454,0.35,0.6363636363636364,0.3333333333333333,0.6666666666666666,0.6666666666666666,0.5555555555555556
IB_0243_ta,tamil,14,39,2.7857142857142856,0.3333333333333333,0.5714285714285714,0.3333333333333333,1.0,1.0,0.611111111111111
IB_0256_en,english,11,15,1.3636363636363635,0.26785714285714285,0.2727272727272727,1.0,1.0,1.0,1.0
IB_0256_hi,hindi,13,17,1.3076923076923077,0.3148148148148148,0.07692307692307693,0.0,1.0,1.0,0.3333333333333333
IB_0256_hing,hinglish,10,14,1.4,0.25,0.3,1.0,1.0,1.0,1.0
IB_0256_ta,tamil,12,20,1.6666666666666667,0.2564102564102564,0.5,0.0,1.0,1.0,0.3333333333333333
IB_0257_en,english,13,17,1.3076923076923077,0.25,0.07692307692307693,1.0,1.0,1.0,1.0
IB_0257_hi,hindi,10,13,1.3,0.34210526315789475,0.1,1.0,1.0,1.0,1.0
IB_0257_hing,hinglish,5,8,1.6,0.3076923076923077,0.4,1.0,1.0,1.0,1.0
IB_0257_ta,tamil,7,12,1.7142857142857142,0.2553191489361702,0.42857142857142855,0.0,1.0,1.0,0.3333333333333333
IB_0259_en,english,16,25,1.5625,0.2604166666666667,0.125,1.0,1.0,1.0,1.0
IB_0259_hi,hindi,13,23,1.7692307692307692,0.3898305084745763,0.23076923076923078,0.0,1.0,1.0,0.3333333333333333
IB_0259_hing,hinglish,8,15,1.875,0.2631578947368421,0.375,0.0,1.0,1.0,0.3333333333333333
IB_0259_ta,tamil,11,23,2.090909090909091,0.2987012987012987,0.5454545454545454,0.0,1.0,1.0,0.3333333333333333
IB_0261_en,english,11,15,1.3636363636363635,0.2830188679245283,0.2727272727272727,1.0,1.0,1.0,1.0
IB_0261_hi,hindi,8,12,1.5,0.3333333333333333,0.25,1.0,1.0,1.0,1.0
IB_0261_hing,hinglish,5,9,1.8,0.28125,0.4,1.0,1.0,1.0,1.0
IB_0261_ta,tamil,9,15,1.6666666666666667,0.3191489361702128,0.5555555555555556,0.0,1.0,1.0,0.3333333333333333
IB_0264_en,english,11,20,1.8181818181818181,0.29850746268656714,0.36363636363636365,1.0,1.0,1.0,1.0
IB_0264_hi,hindi,13,23,1.7692307692307692,0.35384615384615387,0.38461538461538464,1.0,1.0,1.0,1.0
IB_0264_hing,hinglish,6,12,2.0,0.3157894736842105,0.5,1.0,1.0,1.0,1.0
IB_0264_ta,tamil,9,18,2.0,0.27692307692307694,0.4444444444444444,0.0,0.0,1.0,0.25
IB_0265_en,english,13,23,1.7692307692307692,0.2875,0.46153846153846156,1.0,1.0,1.0,1.0
IB_0265_hi,hindi,10,21,2.1,0.39622641509433965,0.6,0.0,1.0,1.0,0.5
IB_0265_hing,hinglish,8,16,2.0,0.3137254901960784,0.5,1.0,1.0,1.0,1.0
IB_0265_ta,tamil,12,25,2.0833333333333335,0.2840909090909091,0.5833333333333334,0.0,0.0,1.0,0.2
IB_0267_en,english,13,20,1.5384615384615385,0.26666666666666666,0.38461538461538464,0.0,1.0,1.0,0.5
IB_0267_hi,hindi,10,19,1.9,0.3584905660377358,0.5,1.0,1.0,1.0,1.0
IB_0267_hing,hinglish,8,15,1.875,0.32608695652173914,0.5,1.0,1.0,1.0,1.0
IB_0267_ta,tamil,12,23,1.9166666666666667,0.27058823529411763,0.4166666666666667,0.0,0.0,0.0,0.14285714285714285
IB_0269_en,english,15,27,1.8,0.28421052631578947,0.3333333333333333,1.0,1.0,1.0,1.0
IB_0269_hi,hindi,18,30,1.6666666666666667,0.3614457831325301,0.3333333333333333,1.0,1.0,1.0,1.0
IB_0269_hing,hinglish,10,21,2.1,0.3333333333333333,0.5,1.0,1.0,1.0,1.0
IB_0269_ta,tamil,13,30,2.3076923076923075,0.30612244897959184,0.6153846153846154,0.0,0.0,0.0,0.125
IB_0270_en,english,18,29,1.6111111111111112,0.26605504587155965,0.4444444444444444,0.0,1.0,1.0,0.3333333333333333
IB_0270_hi,hindi,15,28,1.8666666666666667,0.35443037974683544,0.6,0.0,1.0,1.0,0.5
IB_0270_hing,hinglish,13,23,1.7692307692307692,0.2948717948717949,0.5384615384615384,1.0,1.0,1.0,1.0
IB_0270_ta,tamil,17,33,1.9411764705882353,0.2920353982300885,0.5882352941176471,0.0,0.0,1.0,0.25
IB_0273_en,english,13,20,1.5384615384615385,0.29850746268656714,0.23076923076923078,1.0,1.0,1.0,1.0
IB_0273_hi,hindi,11,20,1.8181818181818181,0.3448275862068966,0.45454545454545453,1.0,1.0,1.0,1.0
IB_0273_hing,hinglish,9,15,1.6666666666666667,0.30612244897959184,0.5555555555555556,1.0,1.0,1.0,1.0
IB_0273_ta,tamil,13,22,1.6923076923076923,0.24719101123595505,0.38461538461538464,0.0,0.0,1.0,0.2
IB_0282_en,english,12,20,1.6666666666666667,0.2702702702702703,0.3333333333333333,1.0,1.0,1.0,1.0
IB_0282_hi,hindi,14,20,1.4285714285714286,0.3076923076923077,0.07142857142857142,1.0,1.0,1.0,1.0
IB_0282_hing,hinglish,10,15,1.5,0.26785714285714285,0.3,1.0,1.0,1.0,1.0
IB_0282_ta,tamil,13,24,1.8461538461538463,0.25263157894736843,0.46153846153846156,1.0,1.0,1.0,1.0
IB_0289_en,english,10,14,1.4,0.25,0.2,1.0,1.0,1.0,1.0
IB_0289_hi,hindi,14,21,1.5,0.3181818181818182,0.14285714285714285,1.0,1.0,1.0,1.0
IB_0289_hing,hinglish,10,15,1.5,0.2777777777777778,0.2,1.0,1.0,1.0,1.0
IB_0289_ta,tamil,13,25,1.9230769230769231,0.2840909090909091,0.6153846153846154,1.0,1.0,1.0,1.0
IB_0292_en,english,14,19,1.3571428571428572,0.2676056338028169,0.2857142857142857,1.0,1.0,1.0,1.0
IB_0292_hi,hindi,13,21,1.6153846153846154,0.3559322033898305,0.38461538461538464,1.0,1.0,1.0,1.0
IB_0292_hing,hinglish,11,16,1.4545454545454546,0.25396825396825395,0.36363636363636365,1.0,1.0,1.0,1.0
IB_0292_ta,tamil,13,23,1.7692307692307692,0.25274725274725274,0.46153846153846156,1.0,1.0,1.0,1.0
IB_0293_en,english,14,22,1.5714285714285714,0.30985915492957744,0.2857142857142857,1.0,1.0,1.0,1.0
IB_0293_hi,hindi,14,22,1.5714285714285714,0.3188405797101449,0.2857142857142857,1.0,1.0,1.0,1.0
IB_0293_hing,hinglish,15,23,1.5333333333333334,0.2987012987012987,0.26666666666666666,1.0,1.0,1.0,1.0
IB_0293_ta,tamil,15,27,1.8,0.25,0.3333333333333333,1.0,1.0,1.0,1.0
IB_0295_en,english,14,19,1.3571428571428572,0.30158730158730157,0.21428571428571427,1.0,1.0,1.0,1.0
IB_0295_hi,hindi,11,19,1.7272727272727273,0.3275862068965517,0.36363636363636365,1.0,1.0,1.0,1.0
IB_0295_hing,hinglish,13,18,1.3846153846153846,0.27692307692307694,0.3076923076923077,1.0,1.0,1.0,1.0
IB_0295_ta,tamil,14,20,1.4285714285714286,0.19047619047619047,0.14285714285714285,1.0,1.0,1.0,1.0
IB_0309_en,english,16,24,1.5,0.26666666666666666,0.4375,1.0,1.0,1.0,1.0
IB_0309_hi,hindi,17,25,1.4705882352941178,0.31645569620253167,0.23529411764705882,1.0,1.0,1.0,1.0
IB_0309_hing,hinglish,15,22,1.4666666666666666,0.2716049382716049,0.2,1.0,1.0,1.0,1.0
IB_0309_ta,tamil,17,27,1.588235294117647,0.23893805309734514,0.35294117647058826,1.0,1.0,1.0,1.0
IB_0313_en,english,16,21,1.3125,0.27631578947368424,0.1875,1.0,1.0,1.0,1.0
IB_0313_hi,hindi,15,22,1.4666666666666666,0.3384615384615385,0.3333333333333333,1.0,1.0,1.0,1.0
IB_0313_hing,hinglish,10,17,1.7,0.3333333333333333,0.4,1.0,1.0,1.0,1.0
IB_0313_ta,tamil,14,23,1.6428571428571428,0.23,0.42857142857142855,1.0,1.0,1.0,1.0
IB_0315_en,english,17,26,1.5294117647058822,0.30952380952380953,0.29411764705882354,1.0,1.0,1.0,1.0
IB_0315_hi,hindi,17,23,1.3529411764705883,0.3108108108108108,0.29411764705882354,1.0,1.0,1.0,1.0
IB_0315_hing,hinglish,13,17,1.3076923076923077,0.2698412698412698,0.23076923076923078,1.0,1.0,1.0,1.0
IB_0315_ta,tamil,18,28,1.5555555555555556,0.22950819672131148,0.3888888888888889,1.0,1.0,1.0,1.0
IB_0320_en,english,11,16,1.4545454545454546,0.3137254901960784,0.36363636363636365,1.0,1.0,1.0,1.0
IB_0320_hi,hindi,11,16,1.4545454545454546,0.34782608695652173,0.18181818181818182,1.0,1.0,1.0,1.0
IB_0320_hing,hinglish,9,15,1.6666666666666667,0.3333333333333333,0.5555555555555556,0.0,1.0,1.0,0.3333333333333333
IB_0320_ta,tamil,12,23,1.9166666666666667,0.27058823529411763,0.5,1.0,1.0,1.0,1.0
IB_0322_en,english,13,21,1.6153846153846154,0.35,0.38461538461538464,1.0,1.0,1.0,1.0
IB_0322_hi,hindi,12,16,1.3333333333333333,0.32,0.16666666666666666,1.0,1.0,1.0,1.0
IB_0322_hing,hinglish,12,18,1.5,0.3103448275862069,0.3333333333333333,1.0,1.0,1.0,1.0
IB_0322_ta,tamil,12,20,1.6666666666666667,0.2222222222222222,0.3333333333333333,1.0,1.0,1.0,1.0
IB_0323_en,english,12,19,1.5833333333333333,0.30158730158730157,0.4166666666666667,1.0,1.0,1.0,1.0
IB_0323_hi,hindi,11,18,1.6363636363636365,0.3157894736842105,0.2727272727272727,1.0,1.0,1.0,1.0
IB_0323_hing,hinglish,9,16,1.7777777777777777,0.32,0.6666666666666666,0.0,1.0,1.0,0.5
IB_0323_ta,tamil,11,19,1.7272727272727273,0.2235294117647059,0.45454545454545453,1.0,1.0,1.0,1.0
IB_0331_en,english,16,26,1.625,0.29545454545454547,0.375,1.0,1.0,1.0,1.0
IB_0331_hi,hindi,14,23,1.6428571428571428,0.3194444444444444,0.35714285714285715,1.0,1.0,1.0,1.0
IB_0331_hing,hinglish,11,22,2.0,0.3055555555555556,0.8181818181818182,1.0,1.0,1.0,1.0
IB_0331_ta,tamil,13,24,1.8461538461538463,0.25,0.46153846153846156,1.0,1.0,1.0,1.0
IB_0333_en,english,16,27,1.6875,0.29347826086956524,0.375,1.0,1.0,1.0,1.0
IB_0333_hi,hindi,16,29,1.8125,0.31868131868131866,0.375,1.0,1.0,1.0,1.0
IB_0333_hing,hinglish,14,27,1.9285714285714286,0.28421052631578947,0.5714285714285714,1.0,1.0,1.0,1.0
IB_0333_ta,tamil,18,35,1.9444444444444444,0.2692307692307692,0.5,1.0,1.0,1.0,1.0
IB_0336_en,english,16,27,1.6875,0.28125,0.4375,1.0,1.0,1.0,1.0
IB_0336_hi,hindi,19,31,1.631578947368421,0.32978723404255317,0.3157894736842105,1.0,1.0,1.0,1.0
IB_0336_hing,hinglish,14,29,2.0714285714285716,0.3372093023255814,0.5,1.0,1.0,1.0,1.0
IB_0336_ta,tamil,17,32,1.8823529411764706,0.25396825396825395,0.47058823529411764,1.0,1.0,1.0,1.0
IB_0340_en,english,18,25,1.3888888888888888,0.2976190476190476,0.2777777777777778,1.0,1.0,1.0,1.0
IB_0340_hi,hindi,17,27,1.588235294117647,0.32926829268292684,0.4117647058823529,1.0,1.0,1.0,1.0
IB_0340_hing,hinglish,13,25,1.9230769230769231,0.32051282051282054,0.6153846153846154,1.0,1.0,1.0,1.0
IB_0340_ta,tamil,17,30,1.7647058823529411,0.26785714285714285,0.47058823529411764,1.0,1.0,1.0,1.0
IB_0341_en,english,18,28,1.5555555555555556,0.2828282828282828,0.3888888888888889,1.0,1.0,1.0,1.0
IB_0341_hi,hindi,16,30,1.875,0.379746835443038,0.4375,0.0,1.0,1.0,0.3333333333333333
IB_0341_hing,hinglish,13,26,2.0,0.3170731707317073,0.6923076923076923,1.0,1.0,1.0,1.0
IB_0341_ta,tamil,17,33,1.9411764705882353,0.275,0.47058823529411764,1.0,1.0,1.0,1.0
IB_0349_en,english,16,33,2.0625,0.32673267326732675,0.5625,0.5,1.0,1.0,0.75
IB_0349_hi,hindi,18,34,1.8888888888888888,0.3953488372093023,0.3333333333333333,0.5,1.0,1.0,0.6666666666666666
IB_0349_hing,hinglish,11,27,2.4545454545454546,0.45,0.7272727272727273,0.0,0.0,0.0,0.11688311688311688
IB_0349_ta,tamil,15,32,2.1333333333333333,0.2782608695652174,0.4,0.5,0.5,0.5,0.5833333333333334
IB_0353_en,english,26,37,1.4230769230769231,0.2890625,0.23076923076923078,0.3333333333333333,0.6666666666666666,1.0,0.5277777777777778
IB_0353_hi,hindi,22,29,1.3181818181818181,0.3372093023255814,0.13636363636363635,0.0,0.6666666666666666,0.6666666666666666,0.3333333333333333
IB_0353_hing,hinglish,16,25,1.5625,0.31645569620253167,0.375,0.3333333333333333,0.3333333333333333,0.3333333333333333,0.4142857142857143
IB_0353_ta,tamil,15,31,2.066666666666667,0.3333333333333333,0.4,0.3333333333333333,0.6666666666666666,0.6666666666666666,0.5333333333333333
IB_0357_en,english,26,37,1.4230769230769231,0.2803030303030303,0.2692307692307692,0.3333333333333333,0.6666666666666666,1.0,0.5277777777777778
IB_0357_hi,hindi,21,28,1.3333333333333333,0.32941176470588235,0.19047619047619047,0.0,0.3333333333333333,1.0,0.2611111111111111
IB_0357_hing,hinglish,23,31,1.3478260869565217,0.30097087378640774,0.34782608695652173,0.3333333333333333,0.6666666666666666,1.0,0.5277777777777778
IB_0357_ta,tamil,15,31,2.066666666666667,0.30097087378640774,0.4,0.3333333333333333,0.6666666666666666,0.6666666666666666,0.5416666666666666
IB_0358_en,english,10,16,1.6,0.24242424242424243,0.4,0.0,1.0,1.0,0.5
IB_0358_hi,hindi,11,20,1.8181818181818181,0.32786885245901637,0.2727272727272727,1.0,1.0,1.0,1.0
IB_0358_hing,hinglish,12,17,1.4166666666666667,0.22972972972972974,0.25,0.0,0.0,0.0,0.08333333333333333
IB_0358_ta,tamil,12,26,2.1666666666666665,0.24074074074074073,0.25,1.0,1.0,1.0,1.0
IB_0362_en,english,10,15,1.5,0.234375,0.3,0.0,1.0,1.0,0.5
IB_0362_hi,hindi,13,16,1.2307692307692308,0.3076923076923077,0.0,1.0,1.0,1.0,1.0
IB_0362_hing,hinglish,11,15,1.3636363636363635,0.2459016393442623,0.2727272727272727,0.0,0.0,0.0,0.0625
IB_0362_ta,tamil,11,22,2.0,0.2391304347826087,0.2727272727272727,1.0,1.0,1.0,1.0
IB_0363_en,english,16,22,1.375,0.2716049382716049,0.1875,1.0,1.0,1.0,1.0
IB_0363_hi,hindi,14,17,1.2142857142857142,0.29310344827586204,0.0,1.0,1.0,1.0,1.0
IB_0363_hing,hinglish,11,16,1.4545454545454546,0.34782608695652173,0.2727272727272727,1.0,1.0,1.0,1.0
IB_0363_ta,tamil,11,20,1.8181818181818181,0.19230769230769232,0.2727272727272727,1.0,1.0,1.0,1.0
IB_0365_en,english,13,24,1.8461538461538463,0.2962962962962963,0.38461538461538464,0.5,1.0,1.0,0.75
IB_0365_hi,hindi,12,26,2.1666666666666665,0.3561643835616438,0.3333333333333333,0.5,1.0,1.0,0.75
IB_0365_hing,hinglish,9,22,2.4444444444444446,0.3283582089552239,0.4444444444444444,0.5,1.0,1.0,0.75
IB_0365_ta,tamil,11,28,2.5454545454545454,0.3373493975903614,0.36363636363636365,0.5,0.5,1.0,0.625
