level,assessment_year,match_method,n
district,2019-2020,first_seen,3
district,2019-2020,fuzzy,2
district,2019-2020,name,38
district,2019-2020,uuid,678
district,2021-2022,first_seen,12
district,2021-2022,fuzzy,1
district,2021-2022,name,10
district,2021-2022,uuid,723
district,2022-2023,first_seen,13
district,2022-2023,name,11
district,2022-2023,uuid,710
district,2023-2024,first_seen,7
district,2023-2024,uuid,723
district,2024-2025,first_seen,735
unit,2019-2020,first_seen,334
unit,2019-2020,fuzzy,280
unit,2019-2020,name,4189
unit,2019-2020,name_state,218
unit,2019-2020,uuid,1716
unit,2021-2022,first_seen,1298
unit,2021-2022,name,164
unit,2021-2022,name_state,15
unit,2021-2022,uuid,5691
unit,2022-2023,first_seen,109
unit,2022-2023,fuzzy,11
unit,2022-2023,name,895
unit,2022-2023,uuid,5655
unit,2023-2024,first_seen,13
unit,2023-2024,fuzzy,25
unit,2023-2024,name,1223
unit,2023-2024,name_state,7
unit,2023-2024,uuid,5697
unit,2024-2025,first_seen,6984
