level,assessment_year,ingres_uuid,canonical_id,match_method,canonical_name,name_in_year
unit,2023-2024,95cd17a0-ed9f-4761-8e3f-09b553b49345,0b272852-46ae-4b57-9344-8ff6f24d86a0,fuzzy,RAIPUR KARCHULIYAN,RAMPUR KARCHULIYAN
unit,2023-2024,a938d248-cee2-4c0c-8831-245ad922fa9a,6f366343-89a2-4c44-993c-6f174009308b,fuzzy,GHUGHRI,GHUGHARI
unit,2023-2024,d161cef4-cd04-44af-bae4-057879caaa03,f697e361-5621-4c81-84a2-a42da912f54f,fuzzy,JAURA,JAORA
unit,2023-2024,492e98d5-0616-49a6-8dc7-cfe97c0ebc18,919bb14b-2159-44de-a8c3-79cfc19f08e7,fuzzy,CHHAIGAON MAKHAN,CHHEGAON MAKHAN
unit,2023-2024,398bbe5a-7d73-45bc-ad3a-206c7fce6348,28cc6a04-1684-4ec7-b4ce-7b1d49591316,fuzzy,BALADI,BALDI
unit,2023-2024,f3df8146-c1ae-417a-9a95-1237c046a0d0,0d1a0521-caba-4d11-b405-012326d60250,fuzzy,GHANSOR,GHANSAUR
unit,2023-2024,c6d9eca0-b443-4eda-b4d4-7353b85f890b,1d6112df-dfe9-4440-a5bc-dd7951884a86,fuzzy,TONKHURD,TONKKHURD
unit,2023-2024,aaea611f-ae23-4dc0-a328-8ed7ccfe0e2d,f3940905-1a79-4929-935d-e41c94e13888,fuzzy,SONKATCH,SONKUTCH
unit,2023-2024,fc5fd8c5-dffb-41e5-8ce8-707b4bf18a28,b1499e8e-d57d-42c3-9d01-a0f80d2069cf,fuzzy,KESLA,KESALA
unit,2023-2024,e4b555bc-2438-4bc4-a805-7195c4be47e6,07b0132c-c86c-4433-8735-17b6544d9920,fuzzy,SOHAGPUR,SHOHAGPUR
unit,2023-2024,14f1826f-6f8e-405b-8cbf-d38ff64b4ce4,6b5b5ffb-9093-43f5-8585-b2e9477232c1,fuzzy,MAJHAULI,MAJHOLI
unit,2023-2024,d668848b-c40e-4328-a89e-b15d88352caf,8dfb76bb-d8f0-45a9-9bca-838bdfc5d212,fuzzy,NOWGONG,NOWGAON
unit,2023-2024,6fd24ec2-42d5-48e2-90e2-f3bc5e6454c4,cac1945b-d615-427c-bfe1-9ee74b032030,fuzzy,UMARBAN,UMARVAN
unit,2023-2024,246678cd-207c-4c29-90a1-ca754c1b11b1,fa9f2884-3eb6-4f05-9d74-794660c54809,fuzzy,TENDUKHEDA,TENDULHEDA
unit,2023-2024,9bbb2add-83f8-4457-bc0c-8ebc02b29b11,3c108f5c-c403-4380-bdd0-ceb68356eb92,fuzzy,BATIAGARH,BATIYAGARH
unit,2023-2024,0368c8f8-107f-4fdf-8eed-5f0f90228005,d30498fb-c857-40e4-a989-7b2da8680bb4,fuzzy,BAJAG,BAJANG
unit,2023-2024,0ac56e46-a903-4a0b-bca4-5f5fa2dab46f,f0438b51-43bc-480d-aa70-67289e55ac9f,fuzzy,SANWER,SAWER
unit,2023-2024,630c84c6-3538-49d1-a83a-56c86f070757,47fda857-2cf7-4850-bc7e-e3dbd8629c10,fuzzy,SHAHGARH,SHAHNAGAR
unit,2023-2024,97cce9a2-649e-4673-b93a-0be7f823e776,544826c7-6f19-4559-8379-ea85211a9929,fuzzy,MALTHONE,MALTHON
unit,2023-2024,32de6df6-7f78-43df-aa14-8ebc5fe52387,b0a8715f-cf67-4cf9-aaf1-3bd7c6ada7d8,fuzzy,MOHKHED,MOHKHEDA
unit,2023-2024,fb010b3f-5a9b-43c2-95d0-a5dd5bb36fe6,97fafb26-5f8c-47cb-a87e-cc436b38b546,fuzzy,GOGAON,GOGAWAN
unit,2023-2024,ff3e3482-6f92-4105-a61d-d27cc385c5b2,f627eb8a-4954-4715-bb7b-178e992439e6,fuzzy,BADWAH,BARWAHA
unit,2023-2024,de6ece2e-f547-4919-bd34-1d936e4dcdf4,69dc45c9-c009-4283-8dec-bcabb92f7c64,fuzzy,JHIRNIYA,JHIRANYA
unit,2023-2024,ac6ce1c2-bcde-4490-ac8f-69f7ec62e3bc,8c96d76e-3209-4e29-8262-76d789a8a4bf,fuzzy,N.Solapur,NSolapur
unit,2023-2024,704fe41c-4a01-4cb7-b4b2-d15bc8072738,ed16160d-dc7e-4c01-915b-805ecf5c0d75,fuzzy,S.Solapur,SSolapur
