assessment_year,state_name,district_name,name_in_year,canonical_name,label,note,reviewer
2019-2020,MADHYA PRADESH,BALAGHAT,LANGI,LANJI,correct,transliteration/spacing variant,"manual (author judgment, place-name knowledge; not externally verified)"
2019-2020,MADHYA PRADESH,MANDSAUR,MALAHARGARH,MALHARGARH,correct,transliteration/spacing variant,"manual (author judgment, place-name knowledge; not externally verified)"
2019-2020,MADHYA PRADESH,RATLAM,ALOTE,ALOT,correct,transliteration/spacing variant,"manual (author judgment, place-name knowledge; not externally verified)"
2019-2020,TAMILNADU,CHENNAI,MYLAPORE - TIRUVALLI-III,MYLAPORE - TIRUVALLIKENI-II,incorrect,wrong: different ordinal (III vs II); now blocked by ordinal rule,"manual (author judgment, place-name knowledge; not externally verified)"
2019-2020,BIHAR,NALANDA,BIHAR SHARIFF,Biharsharif,correct,transliteration/spacing variant,"manual (author judgment, place-name knowledge; not externally verified)"
2023-2024,MADHYA PRADESH,HOSHANGABAD,SHOHAGPUR,SOHAGPUR,correct,transliteration/spacing variant,"manual (author judgment, place-name knowledge; not externally verified)"
2019-2020,BIHAR,BANKA,RAJON,Rajoun,correct,transliteration/spacing variant,"manual (author judgment, place-name knowledge; not externally verified)"
2019-2020,BIHAR,DARBHANGA,KUSHESWARSTHAN (E),Kusheswar Asthan,incorrect,doubtful: East block linked to main block,"manual (author judgment, place-name knowledge; not externally verified)"
2019-2020,PUNJAB,Hoshiarpur,HOSHIARPUR-II,Hoshiarpur-2,correct,transliteration/spacing variant,"manual (author judgment, place-name knowledge; not externally verified)"
2022-2023,MAHARASHTRA,Buldhana,SINDKHEDRAJA,Sindkhed  Raja,correct,transliteration/spacing variant,"manual (author judgment, place-name knowledge; not externally verified)"
2023-2024,MADHYA PRADESH,SEONI,GHANSAUR,GHANSOR,correct,transliteration/spacing variant,"manual (author judgment, place-name knowledge; not externally verified)"
2019-2020,BIHAR,BANKA,KATORIA,Katoriya,correct,transliteration/spacing variant,"manual (author judgment, place-name knowledge; not externally verified)"
2019-2020,BIHAR,PATNA,PHULWARISHARIF,Phulwari Sharif,correct,transliteration/spacing variant,"manual (author judgment, place-name knowledge; not externally verified)"
2019-2020,TAMILNADU,VIRUDHUNAGAR,CHOLAPURAM,CHOLAPURAM(V),correct,transliteration/spacing variant,"manual (author judgment, place-name knowledge; not externally verified)"
2019-2020,MADHYA PRADESH,DAMOH,PATHERIYA,PATHARIA,correct,transliteration/spacing variant,"manual (author judgment, place-name knowledge; not externally verified)"
2019-2020,BIHAR,PATNA,BAKHTIARPUR,Bakhtiyarpur,correct,transliteration/spacing variant,"manual (author judgment, place-name knowledge; not externally verified)"
2019-2020,BIHAR,EAST CHAMPARAN,CHHAURADANO,Chauradano,correct,transliteration/spacing variant,"manual (author judgment, place-name knowledge; not externally verified)"
2019-2020,BIHAR,KISHANGANJ,TEHRAGACHHI,Terhagachh,correct,transliteration/spacing variant,"manual (author judgment, place-name knowledge; not externally verified)"
2019-2020,BIHAR,GAYA,BODHGAYA,Bodh Gaya,correct,transliteration/spacing variant,"manual (author judgment, place-name knowledge; not externally verified)"
2019-2020,MADHYA PRADESH,RAISEN,BEGAM GANJ,BEGAMGANJ,correct,transliteration/spacing variant,"manual (author judgment, place-name knowledge; not externally verified)"
2019-2020,MADHYA PRADESH,AGAR MALWA,BAROD,BADOD,correct,transliteration/spacing variant,"manual (author judgment, place-name knowledge; not externally verified)"
2019-2020,MADHYA PRADESH,UJJAIN,KACHROD,KHCHROD,correct,transliteration/spacing variant,"manual (author judgment, place-name knowledge; not externally verified)"
2019-2020,BIHAR,MUZAFFARPUR,BOCHAHA,Bochahan,correct,transliteration/spacing variant,"manual (author judgment, place-name knowledge; not externally verified)"
2022-2023,KARNATAKA,Dharwad,ANNIGERI,Annigere,correct,transliteration/spacing variant,"manual (author judgment, place-name knowledge; not externally verified)"
2019-2020,BIHAR,BHAGALPUR,GORADIH,Gauradih,correct,transliteration/spacing variant,"manual (author judgment, place-name knowledge; not externally verified)"
2019-2020,BIHAR,SITAMARHI,BALSAND,Belsand,correct,transliteration/spacing variant,"manual (author judgment, place-name knowledge; not externally verified)"
2019-2020,TAMILNADU,PUDUKKOTTAI,VARAPPUR,VARAPPUR(P),correct,transliteration/spacing variant,"manual (author judgment, place-name knowledge; not externally verified)"
2019-2020,BIHAR,BEGUSARAI,MATHANI,Matihani,correct,transliteration/spacing variant,"manual (author judgment, place-name knowledge; not externally verified)"
2019-2020,TAMILNADU,TIRUVANNAMALAI,KADALADI,KADALADI(T),correct,transliteration/spacing variant,"manual (author judgment, place-name knowledge; not externally verified)"
2019-2020,TAMILNADU,TIRUVANNAMALAI,ERAIYUR,ERAIYUR(T),correct,transliteration/spacing variant,"manual (author judgment, place-name knowledge; not externally verified)"
2019-2020,MADHYA PRADESH,BETUL,CHINCHOLI,CHICHOLI,correct,transliteration/spacing variant,"manual (author judgment, place-name knowledge; not externally verified)"
2019-2020,TAMILNADU,CUDDALORE,Rettichavadi,RETTY CHAVADI,correct,transliteration/spacing variant,"manual (author judgment, place-name knowledge; not externally verified)"
2019-2020,BIHAR,GAYA,DUMARIA,Dumariya,correct,transliteration/spacing variant,"manual (author judgment, place-name knowledge; not externally verified)"
2019-2020,BIHAR,PATNA,BELCHI,Belchhia,correct,transliteration/spacing variant,"manual (author judgment, place-name knowledge; not externally verified)"
2023-2024,MADHYA PRADESH,SAGAR,SHAHNAGAR,SHAHGARH,incorrect,doubtful: Shahnagar vs Shahgarh are different place names,"manual (author judgment, place-name knowledge; not externally verified)"
2019-2020,CHHATTISGARH,RAIGARH,KHARSIA,KHARSIYA,correct,transliteration/spacing variant,"manual (author judgment, place-name knowledge; not externally verified)"
2019-2020,BIHAR,BEGUSARAI,MANSURCHAK,Mansoorchak,correct,transliteration/spacing variant,"manual (author judgment, place-name knowledge; not externally verified)"
2019-2020,TAMILNADU,ERODE,ATHANI,ATHANI(E),correct,transliteration/spacing variant,"manual (author judgment, place-name knowledge; not externally verified)"
2023-2024,MAHARASHTRA,Solapur,SSolapur,S.Solapur,correct,transliteration/spacing variant,"manual (author judgment, place-name knowledge; not externally verified)"
2019-2020,BIHAR,JEHANABAD,MADANGANJ,Modanganj,correct,transliteration/spacing variant,"manual (author judgment, place-name knowledge; not externally verified)"
